CLASS,CLASS_CODE,COMM_CODE,NAME,SECTOR,SRG,COMM_STRUCTURE,GLOBALID,GLOBALID_GUID,CREATED_DT,MODIFIED_ACTION,MODIFIED_DT,Shape_Length,Shape_Area,sum_Area_SQUAREKILOMETERS,Fut_no_green,Green Count,Total Stops,Service Coverage,SS_Ser Cov Future
Residential,1,ABB,ABBEYDALE,NORTHEAST,ESTABLISHED,2000s,{D9AC9C85-6A87-4006-8BC0-905F6873ACF1},{C81B5298-6E3D-47E9-A4A7-BC3DAD6E58D7},10:01.0,MODIFIED ATTRIBUTE,04:44.0,9222.118881,4300270.699,0,0,0,0,0,0
Residential,1,ACA,ACADIA,SOUTH,ESTABLISHED,1960s/1970s,{0AE5F067-2370-4134-967D-09D56FF98EF5},{014B36D2-1114-40AA-B04B-E909E9AD701F},10:25.0,MODIFIED ATTRIBUTE,44:52.0,14488.11775,9824282.481,0.121919535,3,0,3,3.05E-07,0.048818437
Residential,1,ALB,ALBERT PARK/RADISSON HEIGHTS,EAST,ESTABLISHED,1950s,{0404E6C0-8B3A-46C8-8668-27D910EA37EC},{2AE4E5D3-0A23-44B2-905D-E122B8D3D7E3},10:10.0,MODIFIED ATTRIBUTE,55:12.0,13076.83128,6335590.09,0.450872662,5,0,5,7.89E-07,0.126167178
Residential,1,ALT,ALTADORE,CENTRE,ESTABLISHED,INNER CITY,{71EEC439-16A7-4A6D-9FFA-876453A5A9D2},{31AC3F2E-9AD8-4836-B5BD-5B95E9F4711B},10:10.0,MODIFIED ATTRIBUTE,52:51.0,12690.52755,5377517.945,0,0,0,0,0,0
Residential,1,APP,APPLEWOOD PARK,EAST,ESTABLISHED,2000s,{A59D3BE0-3E6E-4A02-9A98-51AB6F544FB0},{40E94852-88AA-4A68-90FD-2DB494264583},10:30.0,MODIFIED ATTRIBUTE,04:36.0,8884.462043,3925106.662,0.102036848,1,0,1,2.55E-07,0.040729773
Residential,1,ARB,ARBOUR LAKE,NORTHWEST,ESTABLISHED,2000s,{57086F41-1E61-4F66-B3C9-BA58E7F39BBE},{9279BBF7-53F6-4911-80D9-5E8B84A4E0B5},43:05.0,MODIFIED ATTRIBUTE,02:02.0,13985.4893,11142510.41,0.099783182,1,0,1,8.97E-08,0.014347638
Residential,1,ASP,ASPEN WOODS,WEST,DEVELOPING,BUILDING OUT,{65F43009-225F-4205-AA86-89131EDBFEE3},{816FBA76-00D0-425C-A131-ABFB7F5ED6D8},10:03.0,CREATED,11:39.0,14543.44863,10086261.53,0.112958398,2,0,2,1.98E-07,0.031700289
Residential,1,AUB,AUBURN BAY,SOUTHEAST,COMPLETE,2000s,{8E78D65B-D6BC-4642-A33B-86E699551500},{DF55AD56-CCFF-4B41-9CBB-E7B05689CEC3},10:06.0,MODIFIED ATTRIBUTE,27:10.0,13285.77184,11355312.65,0.096952804,1,1,2,1.76E-07,0.028157517
Residential,1,BNF,BANFF TRAIL,CENTRE,ESTABLISHED,1950s,{E4E87C00-CB5C-4F11-8BBF-54DA04CD57F4},{DBECF4A1-F737-4C23-AC53-93C9762377B1},10:03.0,MODIFIED ATTRIBUTE,23:28.0,9339.388754,3680897.35,0.322523898,3,0,3,8.15E-07,0.130295977
Residential,1,BNK,BANKVIEW,CENTRE,ESTABLISHED,INNER CITY,{FA6DF4DF-65D8-4A6C-95BC-4F77A9B21FED},{41A4F6F5-C60B-46B0-94C2-8E2247492AE4},10:18.0,MODIFIED ATTRIBUTE,57:42.0,5434.381128,1733809.951,0,0,0,0,0,0
Residential,1,BYV,BAYVIEW,SOUTH,ESTABLISHED,1960s/1970s,{94189A46-3B79-4B9B-B83D-D4C2E618E94F},{CF7F52A1-C623-464E-9110-59DAC384BCE9},10:24.0,MODIFIED ATTRIBUTE,59:55.0,6818.261621,1067703.036,0.074200495,1,0,1,9.37E-07,0.149731432
Residential,1,BED,BEDDINGTON HEIGHTS,NORTH,ESTABLISHED,1960s/1970s,{164768EE-A5C6-49E1-9655-1B5252AA32D5},{E43821BF-A794-41C8-9BEE-7330BBCB0EE7},10:21.0,MODIFIED ATTRIBUTE,50:08.0,14976.91269,8114302.485,0,0,1,1,1.23E-07,0.019702088
Residential,1,BEL,BEL-AIRE,CENTRE,ESTABLISHED,1960s/1970s,{21A9CBBE-4129-42F0-8F23-A6F14279F340},{63C81174-2C63-4DDE-B7AD-6E36FC44D6D6},10:32.0,MODIFIED ATTRIBUTE,54:53.0,4094.47835,849995.4617,0,0,0,0,0,0
Residential,1,BLM,BELMONT,SOUTH,DEVELOPING,BUILDING OUT,{A7440A3C-762A-47F3-AC0B-FE1A3DEF4265},{37BAAFFC-3946-45F7-A8E8-844E6F83F86D},07:21.0,MODIFIED SHAPE,44:04.0,15378.79546,7134081.595,0.044163205,1,0,1,1.40E-07,0.02240915
Residential,1,BLN,BELTLINE,CENTRE,ESTABLISHED,CENTRE CITY,{891C87ED-B6C4-4FDC-BFA7-507BD148BE10},{2FE354CB-2F5C-4F2B-B736-F35E41E8C669},10:33.0,MODIFIED ATTRIBUTE,31:06.0,15397.29254,7433016.659,0.516999124,8,2,10,1.35E-06,0.21507917
Residential,1,BDO,BONAVISTA DOWNS,SOUTH,ESTABLISHED,1960s/1970s,{AF3168BF-760E-4B6B-9E23-96726F1C2A92},{BA45DAD4-0D08-4E12-85B1-1492D6FCA953},10:26.0,MODIFIED ATTRIBUTE,16:54.0,5853.540264,1436187.234,0,0,0,0,0,0
Residential,1,BOW,BOWNESS,NORTHWEST,ESTABLISHED,1950s,{357F14F6-C734-4094-B2DA-D2B2C49BE494},{12B21661-46E0-4055-9B62-174A23845AE9},10:16.0,MODIFIED ATTRIBUTE,31:59.0,23165.61435,14247335.7,0.890569357,6,0,6,4.21E-07,0.067325727
Residential,1,BRA,BRAESIDE,SOUTH,ESTABLISHED,1960s/1970s,{CE8DB3BF-1C1F-4FB9-B04B-3136056EB250},{7E17F114-2AB5-464E-B743-88CD50FDB8D9},10:15.0,MODIFIED ATTRIBUTE,44:37.0,8985.166543,4936471.789,0.25183298,3,0,3,6.08E-07,0.097155648
Residential,1,BRE,BRENTWOOD,NORTHWEST,ESTABLISHED,1960s/1970s,{2476F796-C076-43A6-8044-6AFFABF64EC0},{5FE7DB1D-DBAA-4B14-B287-476FF167DE3F},10:06.0,MODIFIED ATTRIBUTE,29:53.0,12744.40395,7324129.699,0.361264239,4,0,4,5.46E-07,0.08731069
Residential,1,BRD,BRIDGELAND/RIVERSIDE,CENTRE,ESTABLISHED,INNER CITY,{62912910-D9D0-4CDB-B6CB-DCD603654AFE},{E08FA842-7EE7-45D3-81D3-866C5060B66B},10:14.0,MODIFIED ATTRIBUTE,37:49.0,13331.53236,7706777.934,0.410293632,4,0,4,5.19E-07,0.082975639
Residential,1,BRI,BRIDLEWOOD,SOUTH,COMPLETE,2000s,{68CE0D94-7021-423B-8BC7-23D2C66BD2F7},{3519DFF0-4FC7-45F1-9240-97F62F0CCFDB},10:04.0,MODIFIED ATTRIBUTE,36:02.0,11581.67996,7886954.712,0,0,0,0,0,0
Residential,1,BRT,BRITANNIA,CENTRE,ESTABLISHED,1950s,{1E703C5B-1635-41A1-8D9A-92C0C3C510E2},{CFA98541-846A-4517-93C9-01223FE3036A},10:31.0,MODIFIED ATTRIBUTE,51:24.0,5057.419677,1265826.574,0,0,0,0,0,0
Residential,1,CAM,CAMBRIAN HEIGHTS,CENTRE,ESTABLISHED,1950s,{1E935549-94C0-4143-8FFC-63FFB554E185},{68BEB44D-ADCC-4150-9A2E-F87B651B2FE1},10:30.0,MODIFIED ATTRIBUTE,47:02.0,8216.674937,2186564.382,0,0,0,0,0,0
Residential,1,CAN,CANYON MEADOWS,SOUTH,ESTABLISHED,1960s/1970s,{947B545A-67F1-4CC0-B6A2-A49873CCB32A},{64CE7E13-53AE-4CC4-B38F-31A852D00187},10:31.0,MODIFIED ATTRIBUTE,52:19.0,13480.2304,7721711.166,0.138395199,1,0,1,1.30E-07,0.020703792
Residential,1,CAP,CAPITOL HILL,CENTRE,ESTABLISHED,1950s,{A74214B2-8A55-4FDB-A894-C95910F12347},{08D4D68D-A7AE-4965-B675-17B60D650F97},10:17.0,MODIFIED ATTRIBUTE,34:32.0,10524.38472,3577618.04,0.150696418,3,0,3,8.39E-07,0.134057384
Residential,1,CAR,CARRINGTON,NORTH,DEVELOPING,BUILDING OUT,{8673787E-7079-4CD7-B04E-3FD301CA62C3},{C523CEFB-9071-4B68-8376-28DC44DF0C37},10:28.0,MODIFIED SHAPE,20:31.0,13892.69666,7595937.445,0.217564906,3,1,4,5.27E-07,0.084186425
Residential,1,CAS,CASTLERIDGE,NORTHEAST,ESTABLISHED,1980s/1990s,{241FBDCE-957F-4E86-B023-D0F6E7CC0A35},{15D55889-989A-4E46-A604-30A6D565BBFE},10:09.0,MODIFIED ATTRIBUTE,55:22.0,7273.669083,3070900.382,0.148929598,2,0,2,6.51E-07,0.104118457
Residential,1,CED,CEDARBRAE,SOUTH,ESTABLISHED,1960s/1970s,{5F20C7B7-D3FE-483D-BAEC-1043F29F9B2A},{EAA343E5-429C-416A-8E22-EC916D1347EB},10:10.0,MODIFIED ATTRIBUTE,59:18.0,10034.88796,5109334.377,0.16876908,2,0,2,3.91E-07,0.062579073
Residential,1,CHA,CHAPARRAL,SOUTH,COMPLETE,2010s,{7D64D531-E4CE-424E-B4C9-FEA10BCBD631},{E828A777-9BC8-4A88-8523-58FDF48211C4},10:23.0,MODIFIED ATTRIBUTE,52:19.0,16098.78722,13668482.71,0,0,0,0,0,0
Residential,1,CHW,CHARLESWOOD,NORTHWEST,ESTABLISHED,1950s,{A3B044FE-89FB-48EE-A6FF-4263D8E42449},{9B9FE12B-367F-4512-A746-9DA824813154},10:10.0,MODIFIED ATTRIBUTE,04:44.0,13422.59186,4635227.868,4.52E-05,1,0,1,2.16E-07,0.034489934
Residential,1,CHN,CHINATOWN,CENTRE,ESTABLISHED,CENTRE CITY,{CA8B5A92-729F-497A-97AA-A1387D013AD7},{B067C115-DF23-45D1-B246-9912F2D771B3},10:15.0,MODIFIED ATTRIBUTE,03:45.0,4214.253366,623484.4322,0.015105121,2,1,3,4.81E-06,0.769235109
Residential,1,CHK,CHINOOK PARK,SOUTH,ESTABLISHED,1950s,{FCAF5CF9-2EDF-4B2C-B971-B122D933063A},{AB7206FF-C052-405A-90D2-99D47AE2201C},10:05.0,MODIFIED ATTRIBUTE,09:34.0,5146.200128,1466216.01,0.173361236,5,0,5,3.41E-06,0.545174463
Residential,1,CHR,CHRISTIE PARK,WEST,ESTABLISHED,1980s/1990s,{E1CDCA2A-6D69-493F-827E-A540490960A7},{C4E995C5-21F2-47D9-9CA4-B247095792B2},10:18.0,MODIFIED ATTRIBUTE,20:13.0,7453.241715,2069459.888,0.145883453,2,0,2,9.66E-07,0.15450283
Residential,1,CIT,CITADEL,NORTHWEST,ESTABLISHED,1980s/1990s,{9704B1AA-A999-4CA9-AF53-20261DD11AE4},{931A8F7E-6B92-4C08-B950-938AA1DF910A},43:39.0,MODIFIED ATTRIBUTE,02:52.0,12489.59099,6935289.896,0,0,0,0,0,0
Residential,1,CSC,CITYSCAPE,NORTHEAST,DEVELOPING,BUILDING OUT,{4935A16E-1C47-4F81-9BF8-D7A13A086418},{EC971F01-A43B-4693-85CA-9C3416F917F2},10:08.0,CREATED,10:08.0,10345.46221,5858873.464,0,0,0,0,0,0
Residential,1,CLI,CLIFF BUNGALOW,CENTRE,ESTABLISHED,INNER CITY,{4CE0E889-AAC3-4567-A2D1-F242AD5D4BAA},{A26289E3-659A-4A07-9D53-82AA06B3CD18},10:15.0,MODIFIED ATTRIBUTE,49:43.0,4679.647719,916288.9917,0,0,0,0,0,0
Residential,1,COA,COACH HILL,WEST,ESTABLISHED,1980s/1990s,{E3524996-5BE9-42CC-93B4-F4A630B9E3BB},{428AD2B7-591D-41D2-8A12-7A156644DAC0},10:27.0,MODIFIED ATTRIBUTE,07:41.0,7702.129784,2712418.798,0,0,0,0,0,0
Residential,1,COL,COLLINGWOOD,NORTHWEST,ESTABLISHED,1950s,{B2D849AA-6EFD-40AF-B6E8-9BE4B4204A99},{8F22FC20-36CB-4755-96DF-84F70FAD7B46},10:29.0,MODIFIED ATTRIBUTE,34:21.0,8894.26294,3953260.035,0,0,0,0,0,0
Residential,1,CPF,COPPERFIELD,SOUTHEAST,DEVELOPING,BUILDING OUT,{6BBD4B48-B950-4AD8-87BC-686088FC34DB},{E352A807-728D-4E7F-A733-BE8B58F74385},10:24.0,CREATED,22:54.0,16469.10655,11579408.32,0,0,0,0,0,0
Residential,1,COR,CORAL SPRINGS,NORTHEAST,ESTABLISHED,2000s,{66757400-5E54-49B4-B7F0-C4D444AEB25A},{ADCB6436-73A7-434E-A0EF-07E25BC9B1E7},10:22.0,MODIFIED ATTRIBUTE,03:00.0,8669.965673,4603391.879,0,0,0,0,0,0
Residential,1,CNS,CORNERSTONE,NORTHEAST,DEVELOPING,2000s,{9B866688-DEA1-4D26-A2D0-66A60F487393},{9B5E8AE2-7B37-4492-A146-3AA75161A23F},10:36.0,MODIFIED SHAPE,37:01.0,19280.96158,19404901.02,0.096294683,1,0,1,5.15E-08,0.008238574
Residential,1,CGR,COUGAR RIDGE,WEST,COMPLETE,2000s,{6243E25C-BCDD-4C0A-88D8-7104DDAE1CF8},{64401809-BA6B-4B93-8329-568191F63556},10:11.0,MODIFIED ATTRIBUTE,13:49.0,12947.34172,5723135.413,0,0,0,0,0,0
Residential,1,COU,COUNTRY HILLS,NORTH,ESTABLISHED,1980s/1990s,{21E85096-4E75-48D2-A774-D6F3479D9E18},{75DBF0C1-CCA4-4236-9141-3978F63EBEF4},10:25.0,MODIFIED ATTRIBUTE,50:27.0,11857.77973,4792048.326,0.102154843,1,1,2,4.17E-07,0.066722493
Residential,1,CHV,COUNTRY HILLS VILLAGE,NORTH,COMPLETE,2000s,{0EA492CE-2426-4F01-93E9-E232D8BB557F},{BDE4A9DC-123B-4748-95AE-E1A30BE73825},10:34.0,MODIFIED ATTRIBUTE,21:29.0,6386.280284,2417325.683,0,0,1,1,4.14E-07,0.066134533
Residential,1,COV,COVENTRY HILLS,NORTH,COMPLETE,2000s,{FAD11790-FE69-469A-B459-5501DE12BB43},{42E34932-E941-49B7-9650-6425FB7F65E2},10:28.0,MODIFIED ATTRIBUTE,21:09.0,14826.75303,10372848.59,0,0,1,1,9.64E-08,0.015412228
Residential,1,CRA,CRANSTON,SOUTHEAST,DEVELOPING,BUILDING OUT,{302E0F1E-2013-4CEB-9D4F-7046EC19CFB5},{06551AEC-6E26-459B-8521-3FEF9834C2BB},10:23.0,MODIFIED SHAPE,52:19.0,23371.0603,20707299.04,0,0,0,0,0,0
Residential,1,CRE,CRESCENT HEIGHTS,CENTRE,ESTABLISHED,INNER CITY,{428B1CDB-9F28-4915-9462-5CEADFAC25BF},{39B88958-2949-471B-AA37-BBAC516A82CB},10:34.0,MODIFIED ATTRIBUTE,23:22.0,9196.168996,4091935.963,0.109208416,2,2,4,9.78E-07,0.15627684
Residential,1,CRM,CRESTMONT,WEST,DEVELOPING,2000s,{3349A787-F26A-4570-9639-A73BF1ECD457},{4E4FDEBB-12FF-4C88-A028-950CF27B7E7A},10:31.0,MODIFIED ATTRIBUTE,15:08.0,14111.12188,6825945.399,0,0,0,0,0,0
Residential,1,CUR,CURRIE BARRACKS,WEST,ESTABLISHED,BUILDING OUT,{39972D12-64B4-4687-8BFE-E6261002A32E},{AE08E84A-DF57-42C5-A93D-385F3F80EFF5},10:17.0,MODIFIED ATTRIBUTE,48:44.0,6860.801842,2485964.088,0.006003555,1,0,1,4.02E-07,0.064308534
Residential,1,DAL,DALHOUSIE,NORTHWEST,ESTABLISHED,1960s/1970s,{5DB47563-CC4C-4289-8EBF-5620818FA277},{9A268770-E7BD-46EB-9458-0AABEAD925D4},10:09.0,MODIFIED ATTRIBUTE,30:12.0,12097.83367,8472211.486,0.164240776,2,0,2,2.36E-07,0.037739545
Residential,1,DRG,DEER RIDGE,SOUTH,ESTABLISHED,1980s/1990s,{3A45F5AC-8B06-4B53-9080-88EA89D926CA},{C28A4074-F350-47E5-B3DB-DE0BAF890064},10:16.0,MODIFIED ATTRIBUTE,45:26.0,7762.982608,3561815.105,0,0,0,0,0,0
Residential,1,DRN,DEER RUN,SOUTH,ESTABLISHED,1980s/1990s,{2048C86D-438F-4ABC-8F84-0AD8B052E161},{EEB2B290-DEB4-48A1-B83A-92A1C6B623E9},10:24.0,MODIFIED ATTRIBUTE,52:19.0,16878.92676,4695631.998,0,0,0,0,0,0
Residential,1,DIA,DIAMOND COVE,SOUTH,ESTABLISHED,1980s/1990s,{16EBC40B-9FA9-4B4E-B261-E63C69A910A3},{F4340048-F04E-4C42-9979-A85CB6F2757A},10:27.0,MODIFIED ATTRIBUTE,52:19.0,8658.787723,1346881.246,0,0,0,0,0,0
Residential,1,DIS,DISCOVERY RIDGE,WEST,ESTABLISHED,2000s,{2A4E5D59-DDA5-482B-B718-1C3927D15CAC},{40912307-5253-45A7-8C1C-E9CE92199884},10:32.0,MODIFIED ATTRIBUTE,00:14.0,13607.63826,9035411.138,0,0,0,0,0,0
Residential,1,DDG,DOUGLASDALE/GLEN,SOUTHEAST,ESTABLISHED,1980s/1990s,{EABA69B8-D491-4267-B7A6-7ED1B5A98241},{6643D0BE-CDCA-4630-AEFA-5F8AD3FAD31B},10:34.0,MODIFIED ATTRIBUTE,52:19.0,20617.38705,16203856.9,0.478087644,3,1,4,2.47E-07,0.039464359
Residential,1,DOV,DOVER,EAST,ESTABLISHED,1960s/1970s,{EFC96479-8BF3-498A-8ECC-5D6828DF545A},{64A0D3C6-050E-430C-803B-DE5675AA61B5},10:28.0,MODIFIED ATTRIBUTE,25:24.0,14687.01758,10479685.3,0,0,0,0,0,0
Residential,1,DNC,DOWNTOWN COMMERCIAL CORE,CENTRE,ESTABLISHED,CENTRE CITY,{CC9CFF84-2527-4971-9CA0-6277DFD550A3},{5F3E5691-95BA-4807-B957-DA2B07AEACF4},10:33.0,MODIFIED ATTRIBUTE,32:29.0,8442.935678,3357242.806,2.955384765,18,3,21,6.26E-06,1
Residential,1,DNE,DOWNTOWN EAST VILLAGE,CENTRE,ESTABLISHED,CENTRE CITY,{2FDBEED9-1ABE-4DCD-B4B9-C818DA0A6D7C},{63662D7C-9176-467A-BCE0-E4D612A70AAF},10:18.0,MODIFIED ATTRIBUTE,33:26.0,5621.719381,1319217.95,0.289883548,5,1,6,4.55E-06,0.727106715
Residential,1,DNW,DOWNTOWN WEST END,CENTRE,ESTABLISHED,CENTRE CITY,{79A32D06-C955-4B21-B329-AD01509A2C49},{F6046AC2-C0A9-466A-B41C-B383C60EFE31},10:12.0,MODIFIED ATTRIBUTE,24:56.0,4462.40058,921076.0987,0.293244415,4,0,4,4.34E-06,0.694269259
Residential,1,EAG,EAGLE RIDGE,SOUTH,ESTABLISHED,1960s/1970s,{CF57F718-0A00-4004-A4A5-1287CFAAFA6B},{D831D7BA-AC4A-40D9-912E-8DADB2FD9B19},10:18.0,MODIFIED ATTRIBUTE,34:22.0,6169.610957,948500.214,0.185215952,2,0,2,2.11E-06,0.337097879
Residential,1,EAU,EAU CLAIRE,CENTRE,ESTABLISHED,CENTRE CITY,{33D20E6A-518B-4A87-B863-4C009AADB6BA},{031B19E8-C813-4B27-BA69-D24B6ECD7726},10:23.0,MODIFIED ATTRIBUTE,03:38.0,5122.146472,1304418.408,0.006855515,1,1,2,1.53E-06,0.24511875
Residential,1,EDG,EDGEMONT,NORTHWEST,ESTABLISHED,1980s/1990s,{404525B6-1083-40D5-8607-745D475833A0},{0F6D0CA0-7962-4461-AE8C-0A1213153635},10:21.0,MODIFIED ATTRIBUTE,29:23.0,18313.871,16786109.67,0.172176113,2,0,2,1.19E-07,0.019047737
Residential,1,EPK,ELBOW PARK,CENTRE,ESTABLISHED,INNER CITY,{9BACED75-D1D5-46F9-8386-A00ECCEB4D6F},{A70AE11B-6086-4A9F-889F-F88C37BD1C73},10:24.0,MODIFIED ATTRIBUTE,53:20.0,11572.29991,4518605.579,0,0,0,0,0,0
Residential,1,EYA,ELBOYA,CENTRE,ESTABLISHED,1950s,{B8048F2D-D8C3-4DAE-8833-87D6BFD343F1},{FFB760F9-EEC6-4F1C-8EB0-A7EEB6D6FFCE},10:14.0,MODIFIED ATTRIBUTE,48:45.0,6207.166968,1821047.486,0,0,0,0,0,0
Residential,1,ERI,ERIN WOODS,EAST,ESTABLISHED,1980s/1990s,{8466A6B5-5326-41F6-9984-29E37683692D},{50BCB035-C917-4D57-9878-6C2715337914},10:13.0,MODIFIED ATTRIBUTE,23:59.0,8363.629807,4032503.005,0.103319392,1,0,1,2.48E-07,0.039645031
Residential,1,ERL,ERLTON,CENTRE,ESTABLISHED,INNER CITY,{3BB1FC22-9989-497C-ACA3-9F7DFDB6D1EF},{A312877D-B0E0-42E3-83B2-99452190B617},10:26.0,MODIFIED ATTRIBUTE,01:08.0,6463.804604,1276649.629,0.077730741,1,0,1,7.83E-07,0.1252252
Residential,1,EVN,EVANSTON,NORTH,COMPLETE,2010s,{59E94782-A0CC-4530-BEE1-8B9589B637D1},{ED6AB735-0228-4EF8-9211-EFF2B82330E9},10:03.0,MODIFIED SHAPE,20:31.0,17108.90006,12402281.18,0.24860596,3,0,3,2.42E-07,0.038670798
Residential,1,EVE,EVERGREEN,SOUTH,COMPLETE,2000s,{FDFE04F2-6064-43C4-B64E-BE9C201FBF7A},{010E4859-0843-4DF6-A26C-D3AA3BA7B2D2},10:02.0,MODIFIED ATTRIBUTE,52:19.0,19766.02946,12320093.58,0,0,0,0,0,0
Residential,1,FAI,FAIRVIEW,SOUTH,ESTABLISHED,1950s,{67387CA4-430B-4028-94CE-8AA749914ED9},{1249588B-A109-4A2E-A0CC-DD1E6F2A7212},10:32.0,MODIFIED ATTRIBUTE,21:47.0,8111.173515,3327588.116,0.102816491,3,0,3,9.02E-07,0.144130252
Residential,1,FAL,FALCONRIDGE,NORTHEAST,ESTABLISHED,1980s/1990s,{F59AF2DB-7592-4C32-B258-6E020E3138FD},{6FF13BA9-2BC2-49EC-944A-3AD4C471D582},10:04.0,MODIFIED ATTRIBUTE,02:53.0,9549.645629,5462205.399,0.194251223,2,0,2,3.66E-07,0.058536321
Residential,1,FHT,FOREST HEIGHTS,EAST,ESTABLISHED,1960s/1970s,{E00F1B4D-2EF4-491B-A9EE-FFF8ECD47100},{D1CE6C35-1FB2-484B-9C5B-0B5B9579783E},10:27.0,MODIFIED ATTRIBUTE,32:04.0,8251.582998,3804082.232,0.104053319,2,0,2,5.26E-07,0.08405113
Residential,1,FLN,FOREST LAWN,EAST,ESTABLISHED,1950s,{46E370E6-D756-4DED-9B02-A63A53C87DEB},{278C8F72-93B6-469F-ACD6-086560808158},10:05.0,MODIFIED ATTRIBUTE,30:56.0,10376.23597,5842006.262,0.447574769,5,0,5,8.56E-07,0.136826886
Residential,1,GAG,GARRISON GREEN,WEST,ESTABLISHED,BUILDING OUT,{5B6E4E75-2994-4195-8863-463E89250879},{C3E0A28D-9DEF-4011-A462-7A626FC3F4EA},10:08.0,MODIFIED ATTRIBUTE,08:33.0,4522.514931,909215.8407,0.066624539,2,0,2,2.20E-06,0.351662824
Residential,1,GAW,GARRISON WOODS,CENTRE,ESTABLISHED,INNER CITY,{14A313F9-5E68-4624-92FE-A78A5E1975C1},{1C87646D-4441-4DF5-8826-CB57A27A9361},10:36.0,MODIFIED ATTRIBUTE,47:12.0,6212.690985,1961361.336,0.022768522,1,0,1,5.10E-07,0.081509053
Residential,1,GLA,GLAMORGAN,WEST,ESTABLISHED,1950s,{EE7C0199-42CD-4A0B-B161-D2CB4F1D0E45},{979CE135-47DD-4C8E-9EE5-09A4DA6544DE},10:14.0,MODIFIED ATTRIBUTE,26:30.0,9749.416326,5128732.147,0.064247451,2,0,2,3.90E-07,0.062342388
Residential,1,GBK,GLENBROOK,WEST,ESTABLISHED,1950s,{B078CD86-D06E-4CC5-8990-6E6138FCBD4B},{69DB5354-0BCA-40DD-8BB5-E48ABB55E6EF},10:23.0,MODIFIED ATTRIBUTE,05:20.0,9541.006354,4950015.901,0.137299939,2,0,2,4.04E-07,0.064593209
Residential,1,GDL,GLENDALE,WEST,ESTABLISHED,1950s,{79BA91DE-9ED5-49EC-A5AB-1968952D521D},{6756033D-8FA7-4059-9C9A-1D3FFBA7F7E7},10:12.0,MODIFIED ATTRIBUTE,07:59.0,8392.687191,3458135.918,0.169073845,2,0,2,5.78E-07,0.092459469
Residential,1,GRV,GREENVIEW,CENTRE,ESTABLISHED,1960s/1970s,{72C292DA-74EB-47D9-9FAA-3C49408BEC37},{5E2CBE21-B8A9-4FDD-A3C6-059D38EDDC6D},10:33.0,MODIFIED ATTRIBUTE,38:32.0,6228.771976,1149941.466,0,0,0,0,0,0
Residential,1,GRE,GREENWOOD/GREENBRIAR,NORTHWEST,DEVELOPING,1960s/1970s,{D42537FE-8BDF-4BD7-9752-446DEFC6B07F},{32159656-9BCA-4BAC-B919-3C1AE7880F2A},10:11.0,MODIFIED ATTRIBUTE,15:02.0,7845.409836,3013985.93,0.114673066,2,0,2,6.64E-07,0.106084573
Residential,1,HAM,HAMPTONS,NORTHWEST,ESTABLISHED,2000s,{4207D66B-B769-450F-9AE8-A684A3307C17},{DE727865-7B12-499B-A2B3-A035E19BBD48},06:43.0,MODIFIED ATTRIBUTE,50:23.0,13189.65854,8886383.129,0.030413716,1,0,1,1.13E-07,0.017990301
Residential,1,HAR,HARVEST HILLS,NORTH,ESTABLISHED,1980s/1990s,{D3DCC2BE-3BD9-436C-9F1A-291259964E18},{7EC6BBF0-EA01-4216-97F4-D5E2862882B5},10:01.0,MODIFIED ATTRIBUTE,54:24.0,10130.19228,5530249.452,0.117996352,2,1,3,5.42E-07,0.086724138
Residential,1,HAW,HAWKWOOD,NORTHWEST,ESTABLISHED,1980s/1990s,{BE4C4160-9950-4F55-AF56-A42688C174A7},{26F9DAD6-FAE2-46B8-ADEB-19F53C0E02F6},43:03.0,MODIFIED ATTRIBUTE,02:45.0,11757.38314,8135581.451,0,0,0,0,0,0
Residential,1,HAY,HAYSBORO,SOUTH,ESTABLISHED,1950s,{80E1E797-1109-4CBC-A2C1-9632D538D324},{8FD4739F-4CCB-4714-AC83-92B142372D23},10:27.0,MODIFIED ATTRIBUTE,56:45.0,10387.17533,6725519.276,0.540890553,7,0,7,1.04E-06,0.166393239
Residential,1,HID,HIDDEN VALLEY,NORTH,ESTABLISHED,1980s/1990s,{8BC53A23-E5E4-4B10-95CC-02FFF8D67A35},{48DC06D6-BEFF-4F81-AD49-C9A918057895},10:12.0,MODIFIED ATTRIBUTE,00:49.0,16397.72422,10928451.55,0.059192312,1,0,1,9.15E-08,0.014628669
Residential,1,HPK,HIGHLAND PARK,CENTRE,ESTABLISHED,1950s,{029681BC-E7A2-44AB-B950-0B05BCE62783},{4DF6E5D3-6F08-4787-88D5-E0E9BDF105EF},10:33.0,MODIFIED ATTRIBUTE,57:24.0,10569.37628,3463308.348,0,0,1,1,2.89E-07,0.046160691
Residential,1,HIW,HIGHWOOD,CENTRE,ESTABLISHED,1950s,{ECE4285D-F887-4A0D-849B-40027E61E033},{EFB27757-37C8-4B62-977D-843F006F025E},10:13.0,MODIFIED ATTRIBUTE,16:23.0,6483.614868,2404671.793,0,0,0,0,0,0
Residential,1,HIL,HILLHURST,CENTRE,ESTABLISHED,INNER CITY,{AEDC7F88-1068-4D1F-9590-7399BD9A375F},{AB5D7C58-CE94-4709-9B02-215185A7DDCF},10:12.0,MODIFIED ATTRIBUTE,07:29.0,10737.81994,5227596.94,0.547458159,6,0,6,1.15E-06,0.183490089
Residential,1,HOU,HOUNSFIELD HEIGHTS/BRIAR HILL,CENTRE,ESTABLISHED,1950s,{3C91E8BD-74E4-41F9-9866-E8EAA62DCC6C},{80EACA25-2A83-4A87-84AE-1BB86FFC2198},10:20.0,MODIFIED ATTRIBUTE,19:59.0,7487.074688,2982779.283,0.301635414,3,0,3,1.01E-06,0.160791688
Residential,1,HUN,HUNTINGTON HILLS,NORTH,ESTABLISHED,1960s/1970s,{2B70DF37-FDF1-4BDC-8FE1-59643E5638E3},{8FC9FCD6-4E35-4248-B675-C22DAF4B446D},10:33.0,MODIFIED ATTRIBUTE,47:41.0,16146.38522,12089274.39,0,0,1,1,8.27E-08,0.013224012
Residential,1,ING,INGLEWOOD,CENTRE,ESTABLISHED,INNER CITY,{E4857290-3957-48AC-94C0-557AFC7F524D},{7B340087-4651-4870-80AA-95D500F4D02B},10:19.0,MODIFIED ATTRIBUTE,09:58.0,15380.50479,6316360.717,0.469526384,3,1,4,6.33E-07,0.101241023
Residential,1,KEL,KELVIN GROVE,SOUTH,ESTABLISHED,1960s/1970s,{F7F6D308-B163-4944-8FA7-8ABB7D5FF9CD},{694EA379-76FF-40CA-9050-991F418943D9},10:02.0,MODIFIED ATTRIBUTE,34:02.0,5514.833919,1941402.49,0.091286757,2,0,2,1.03E-06,0.164694035
Residential,1,KIL,KILLARNEY/GLENGARRY,CENTRE,ESTABLISHED,1950s,{F38856FE-EBA2-47D3-A0B8-3FBF19BE79D0},{78EEEC6E-36E4-49C9-AFC1-976CB8D6E960},10:31.0,MODIFIED ATTRIBUTE,54:23.0,8859.193482,4657348.05,0.099412214,2,0,2,4.29E-07,0.068652247
Residential,1,KCA,KINCORA,NORTH,DEVELOPING,2000s,{67BAFA39-782A-4901-A850-8441BE332520},{6D9AD38F-67AD-46B7-8495-858B8E596EFD},33:10.0,MODIFIED ATTRIBUTE,05:05.0,11182.05449,5766952.347,0.331750816,4,0,4,6.94E-07,0.110886094
Residential,1,KIN,KINGSLAND,SOUTH,ESTABLISHED,1950s,{64C5950A-9289-4A74-9A1B-9CC9E390B741},{F6ECC3EF-260F-4587-A195-91CAB50B2FC0},10:09.0,MODIFIED ATTRIBUTE,10:45.0,7800.036558,3371959.702,0.161286651,3,0,3,8.90E-07,0.142233644
Residential,1,LKB,LAKE BONAVISTA,SOUTH,ESTABLISHED,1960s/1970s,{A62DDE0D-064E-409A-A7C1-A08553F152A1},{54693C74-E7F7-4FC3-B2FF-8667A1DCEB62},10:34.0,MODIFIED ATTRIBUTE,52:19.0,14886.58189,13100318.66,0.061499371,1,0,1,7.63E-08,0.012203421
Residential,1,LKV,LAKEVIEW,WEST,ESTABLISHED,1960s/1970s,{2435A096-18F5-4A88-88EC-36E1462A1D28},{D20916C2-83BB-4E51-BF32-B2520B242F52},10:14.0,MODIFIED ATTRIBUTE,41:44.0,10761.18267,5649305.295,0,0,0,0,0,0
Residential,1,LEG,LEGACY,SOUTH,DEVELOPING,BUILDING OUT,{9C70659F-D040-49E1-B4CB-02CF92C5724F},{4484E6DA-2F60-41B9-8625-8DAC8ECE41A1},10:01.0,MODIFIED SHAPE,50:08.0,18406.72675,15250003.72,0,0,0,0,0,0
Residential,1,LPK,LINCOLN PARK,WEST,ESTABLISHED,1950s,{93280295-61D3-43FA-A4B2-6DD8619C0B13},{1E3A2FF5-6506-4115-8947-42CC360051E9},10:18.0,MODIFIED ATTRIBUTE,51:37.0,8750.001617,3747124.517,0.847268114,6,0,6,1.60E-06,0.255986217
Residential,1,LIV,LIVINGSTON,NORTH,DEVELOPING,BUILDING OUT,{51B14005-824B-415F-907B-BF121CB0E28B},{5ECFC341-87F7-448E-A3C7-A7BD678E31E0},10:34.0,CREATED,10:34.0,16019.75201,14398739.78,0.572602055,4,2,6,4.17E-07,0.06661779
Residential,1,LMR,LOWER MOUNT ROYAL,CENTRE,ESTABLISHED,INNER CITY,{B88E91A6-179D-40FD-88DE-A0D542FD31DA},{920335BD-A2B6-431F-B06B-DD0DD2E14C8F},10:17.0,MODIFIED ATTRIBUTE,11:15.0,4538.881145,718028.8368,0,0,0,0,0,0
Residential,1,MAC,MACEWAN GLEN,NORTH,ESTABLISHED,1980s/1990s,{8C1DA98E-A435-4DCF-8D7D-A71C0E49F4CC},{5BA690DC-876E-477C-A662-811C7E60FA00},10:16.0,MODIFIED ATTRIBUTE,30:08.0,7985.499024,3597555.819,0.05790318,1,0,1,2.78E-07,0.044438144
Residential,1,MAH,MAHOGANY,SOUTHEAST,DEVELOPING,2000s,{690EF3A9-E240-42A3-BDC5-AFED4486BC1C},{19665930-D76C-4413-B9BF-BE1DCB292E05},10:08.0,MODIFIED SHAPE,03:25.0,15945.6263,15817393.1,0.103317184,1,1,2,1.26E-07,0.020214292
Residential,1,MAN,MANCHESTER,CENTRE,ESTABLISHED,EMPLOYMENT,{A3C28B5B-FFCE-4A43-95C4-AFE9B2720812},{C0086189-E11E-496C-92C7-B65CB2066C6A},10:07.0,MODIFIED ATTRIBUTE,52:10.0,6380.625534,1194562.243,0.009366265,1,0,1,8.37E-07,0.133830368
Residential,1,MPL,MAPLE RIDGE,SOUTH,ESTABLISHED,1960s/1970s,{3B30985C-5265-4582-ADF8-B962A6EF77AB},{558E49E3-AB2C-4003-91FA-061FED79FEFB},10:06.0,MODIFIED ATTRIBUTE,03:38.0,12185.18749,6784010.045,0,0,0,0,0,0
Residential,1,MPK,MARLBOROUGH PARK,NORTHEAST,ESTABLISHED,1960s/1970s,{D0446444-551E-4BE0-AE20-79C47DB0B13F},{44B8F58B-BB5A-4179-A756-15EE492E3DB1},10:08.0,MODIFIED ATTRIBUTE,02:53.0,9990.736045,6289852.111,0.151635561,2,0,2,3.18E-07,0.050833852
Residential,1,MRT,MARTINDALE,NORTHEAST,ESTABLISHED,1980s/1990s,{E44E70EA-CC1D-4FDE-94D4-74C0E4F53C6D},{9BE7A3ED-D76D-4E2C-8F06-CDD343A4D3E7},10:28.0,MODIFIED ATTRIBUTE,48:13.0,10482.67325,6813622.352,0.392309398,5,0,5,7.34E-07,0.117315502
Residential,1,MAF,MAYFAIR,CENTRE,ESTABLISHED,1950s,{DD189CA2-4511-4467-98FE-12B343693288},{54635C6B-0CDD-43CC-952B-4642C6272FED},10:29.0,MODIFIED ATTRIBUTE,35:07.0,3724.528035,729823.6151,0,0,0,0,0,0
Residential,1,MAL,MAYLAND HEIGHTS,NORTHEAST,ESTABLISHED,1960s/1970s,{C35D4F02-BF13-44EA-AFFB-659D6253322A},{012DE552-7C6B-45ED-A929-C488021A4F92},10:13.0,MODIFIED ATTRIBUTE,55:28.0,9914.211853,5113710.967,0.099492686,1,0,1,1.96E-07,0.031262757
Residential,1,MCK,MCKENZIE LAKE,SOUTHEAST,ESTABLISHED,1980s/1990s,{47BEBAD3-3352-44BF-8C61-C9CD795A4569},{257F3358-692B-4406-988E-98308FD79B28},10:23.0,MODIFIED ATTRIBUTE,52:19.0,17776.51855,12727320.3,0,0,0,0,0,0
Residential,1,MCT,MCKENZIE TOWNE,SOUTHEAST,COMPLETE,2010s,{89C12AFB-CEA2-4469-ADB3-5B0400ABC04A},{99C114E8-0EDB-428E-BD07-4F69E2570E65},10:23.0,MODIFIED ATTRIBUTE,25:52.0,15871.45073,12122142.55,0.253741688,2,2,4,3.30E-07,0.052752623
Residential,1,MEA,MEADOWLARK PARK,CENTRE,ESTABLISHED,1950s,{D02B188A-5C39-4599-8020-5C78AEA88804},{467DD035-8990-41F4-8D35-CA1817667D6B},10:05.0,MODIFIED ATTRIBUTE,48:40.0,4998.039643,1596411.484,0,0,0,0,0,0
Residential,1,MID,MIDNAPORE,SOUTH,ESTABLISHED,1960s/1970s,{B943119C-0CA0-4FA0-9CC5-C8AD64CDC045},{AE11297B-7DA4-4714-B55E-C1F48180D5C6},10:33.0,MODIFIED ATTRIBUTE,52:19.0,13023.68887,7261228.069,0.061566602,1,0,1,1.38E-07,0.022016759
Residential,1,MLR,MILLRISE,SOUTH,ESTABLISHED,1980s/1990s,{9FCB18C9-D057-470B-A0AC-BEE52A4B0E8F},{B5C657D3-F471-448F-95E2-3547CED4D740},10:25.0,MODIFIED ATTRIBUTE,29:01.0,9366.232559,4478794.983,0.007013654,1,0,1,2.23E-07,0.03569458
Residential,1,MIS,MISSION,CENTRE,ESTABLISHED,INNER CITY,{49563BC2-FC33-4E90-8122-51BFDD9CB8A1},{737EE8E5-360B-462C-A34C-EE4D79C9EDE8},10:23.0,MODIFIED ATTRIBUTE,56:57.0,6086.310059,1351669.083,0.004259148,1,0,1,7.40E-07,0.118275033
Residential,1,MOR,MONTEREY PARK,NORTHEAST,ESTABLISHED,2000s,{7B2E1A51-A744-4F9A-B256-E551073D365B},{9CBBE4AF-0D9A-4627-8C8C-8FFEF24FD529},10:32.0,MODIFIED ATTRIBUTE,03:00.0,13823.58495,8721356.051,0,0,0,0,0,0
Residential,1,MON,MONTGOMERY,NORTHWEST,ESTABLISHED,1950s,{15D70A4E-8222-458E-A711-698AA05417C0},{4CBF50E7-70DD-45D1-9B63-0C972F8DA123},10:01.0,MODIFIED ATTRIBUTE,27:05.0,11712.48562,7470643.412,0.397433974,2,0,2,2.68E-07,0.04279918
Residential,1,MOP,MOUNT PLEASANT,CENTRE,ESTABLISHED,INNER CITY,{0E2ADD2E-1C89-4E5F-A5EE-92CFBED18C21},{25C92B83-753C-4DC2-9D15-34E171127DCA},10:17.0,MODIFIED ATTRIBUTE,46:40.0,9578.819192,4740615.034,0.088377647,1,0,1,2.11E-07,0.033723199
Residential,1,NEB,NEW BRIGHTON,SOUTHEAST,COMPLETE,2010s,{AA110521-3A94-42FD-AACC-6922BB0F2620},{00BB3104-4D49-424E-84C9-675F34094B1E},10:23.0,MODIFIED ATTRIBUTE,22:49.0,10778.57368,7154478.113,0.146313451,2,2,4,5.59E-07,0.089381058
Residential,1,NOL,NOLAN HILL,NORTH,DEVELOPING,2020s,{114A4AC0-7EC0-4671-B770-B68105F0F19A},{0438AD34-1117-46D4-B337-97D866373259},53:22.0,CREATED,31:40.0,9441.103117,5199473.027,0.043305571,1,0,1,1.92E-07,0.030747098
Residential,1,NGM,NORTH GLENMORE PARK,WEST,ESTABLISHED,1950s,{FB6556BF-44B1-4CAA-9218-E2D1DC247CFF},{673848CF-9D23-4D41-9A48-F56FD8D1E85A},10:10.0,MODIFIED ATTRIBUTE,08:27.0,7733.654097,2915618.066,0.198433489,2,0,2,6.86E-07,0.109663681
Residential,1,NHV,NORTH HAVEN,NORTH,ESTABLISHED,1960s/1970s,{2C495259-AEB6-44F2-A84F-C82D6161F47D},{3B11F432-FBDE-4A1D-9828-9AF0C89D4AA1},10:03.0,MODIFIED ATTRIBUTE,31:02.0,6543.479805,2141455.147,0,0,0,0,0,0
Residential,1,NHU,NORTH HAVEN UPPER,NORTH,ESTABLISHED,1960s/1970s,{304E4651-93FB-453F-AFAC-AAB4A136278F},{843283C3-6462-40BF-BE71-23B498C56234},10:19.0,MODIFIED ATTRIBUTE,53:46.0,3849.167493,681697.9067,0,0,0,0,0,0
Residential,1,OAK,OAKRIDGE,SOUTH,ESTABLISHED,1960s/1970s,{D7B95C91-610D-4214-960D-FCB7E7E6F907},{2B792708-E9F1-492D-BEF6-9450651B2805},10:29.0,MODIFIED ATTRIBUTE,01:01.0,9945.058359,6071316.03,0.031847111,1,0,1,1.65E-07,0.026331804
Residential,1,OGD,OGDEN,SOUTHEAST,ESTABLISHED,1950s,{B3148588-066A-4C55-9969-D8EA1D32322E},{D80CC124-1B40-423D-9262-C614DDEEACF5},10:02.0,MODIFIED ATTRIBUTE,58:01.0,14148.93515,10433218.27,0,0,2,2,1.92E-07,0.030646096
Residential,1,PAL,PALLISER,SOUTH,ESTABLISHED,1960s/1970s,{06DB6009-794A-4142-8FAD-871FEC671832},{2188ECC2-7012-4309-B705-61422DBE8D37},10:09.0,MODIFIED ATTRIBUTE,04:09.0,6423.706558,2487020.256,0.09693773,2,0,2,8.04E-07,0.128562447
Residential,1,PAN,PANORAMA HILLS,NORTH,COMPLETE,2010s,{8BB013B4-93CF-4CFB-ADD3-68EB17A1D71E},{9E8DAF11-E983-459A-8B88-18350355E7F9},10:23.0,MODIFIED ATTRIBUTE,22:15.0,18728.45947,16087161.6,0,0,1,1,6.22E-08,0.009937658
Residential,1,PKD,PARKDALE,CENTRE,ESTABLISHED,1950s,{5EB427B8-3C5A-46ED-8C41-B2964E8A021C},{D89506B0-C5A4-4146-AB0A-BD9B8C487D46},10:05.0,MODIFIED ATTRIBUTE,18:02.0,8347.227699,2658402.091,0.230147528,2,0,2,7.52E-07,0.120274285
Residential,1,PKH,PARKHILL,CENTRE,ESTABLISHED,1950s,{C705BCB9-3E0F-4BC3-AAF7-2862F3DC07AE},{0A50E80C-4400-4608-84CD-CC9512EA055B},10:03.0,MODIFIED ATTRIBUTE,03:49.0,6413.851843,1659284.764,0.030819076,1,0,1,6.03E-07,0.096347962
Residential,1,PKL,PARKLAND,SOUTH,ESTABLISHED,1960s/1970s,{AB60795F-CB78-4EE7-A9FF-C60065873A5B},{138F431A-438A-4FA0-8AC2-5CD118D4F0FD},10:09.0,MODIFIED ATTRIBUTE,52:19.0,10921.40924,4526389.659,0,0,0,0,0,0
Residential,1,PAT,PATTERSON,WEST,ESTABLISHED,1980s/1990s,{F202FDE4-7E4B-486B-BBD5-B65AB7C68B79},{812E40A3-CE29-44F1-B231-CAB75D8E6211},10:22.0,MODIFIED ATTRIBUTE,56:41.0,12446.62437,5173149.512,0,0,0,0,0,0
Residential,1,PEN,PENBROOKE MEADOWS,EAST,ESTABLISHED,1960s/1970s,{53712000-81CB-4F72-AE9A-5039E30DED3C},{1FE3282E-C95B-46C0-A8F5-AC4B07F5A861},10:02.0,MODIFIED ATTRIBUTE,04:44.0,9360.836531,5148260.155,0.239863691,4,0,4,7.77E-07,0.124211831
Residential,1,PIN,PINERIDGE,NORTHEAST,ESTABLISHED,1960s/1970s,{81A24AC1-1600-41E9-9CFC-C70C5E504D1D},{241F1564-A323-46B7-B0B0-769074817FEA},10:13.0,MODIFIED ATTRIBUTE,02:53.0,10340.31686,6680594.76,0.23182701,3,0,3,4.49E-07,0.071790931
Residential,1,POI,POINT MCKAY,CENTRE,ESTABLISHED,1960s/1970s,{B3492D50-F50A-4DC8-918E-448EDAC1D27A},{DA2C236F-FA15-46F6-B8E0-8DD2E27D80F1},10:07.0,MODIFIED ATTRIBUTE,12:03.0,3978.815903,968856.447,0.092321023,1,0,1,1.03E-06,0.165007629
Residential,1,PUM,PUMP HILL,SOUTH,ESTABLISHED,1960s/1970s,{D2DF765E-F575-4D70-BF96-8A2DA3F199BB},{4832D779-9E73-4706-B43C-E230EEC1E892},10:11.0,MODIFIED ATTRIBUTE,02:11.0,6299.052361,2373599.061,0.062600871,2,0,2,8.43E-07,0.134705737
Residential,1,QPK,QUEENS PARK VILLAGE,CENTRE,ESTABLISHED,1950s,{8766D173-1882-43E1-980E-A698E8F3AC7F},{11FA1772-2FEF-40AB-A948-F64BEE5A8910},10:10.0,MODIFIED ATTRIBUTE,11:28.0,5357.947043,1566680.447,0,0,0,0,0,0
Residential,1,QLD,QUEENSLAND,SOUTH,ESTABLISHED,1960s/1970s,{B35B53D7-8939-4C88-8EBC-45C0EA12F2DE},{8707792B-F60C-4696-8E9D-B20F8CB61AE0},10:29.0,MODIFIED ATTRIBUTE,52:19.0,7898.824597,3917230.364,0,0,0,0,0,0
Residential,1,RAM,RAMSAY,CENTRE,ESTABLISHED,INNER CITY,{F6A6FF52-49C5-44AE-B97A-864483E9054C},{E9F72625-0D2D-47AD-A80D-52B587AC8B8D},10:07.0,MODIFIED ATTRIBUTE,46:38.0,7360.030659,2489968.912,0.044739484,1,1,2,8.03E-07,0.128410202
Residential,1,RAN,RANCHLANDS,NORTHWEST,ESTABLISHED,1960s/1970s,{307B50BE-B4F0-4B34-B910-CB64BF118C11},{5BB779D3-6FF0-4874-A7D0-CB02975CD54C},43:05.0,MODIFIED ATTRIBUTE,33:47.0,10450.17872,5931137.623,0,0,0,0,0,0
Residential,1,RED,RED CARPET,EAST,ESTABLISHED,1960s/1970s,{157B5D20-943E-4A3A-B50E-4B42090AC3F6},{5EBBDE0B-519A-4685-BA05-4A436FDC0180},10:21.0,MODIFIED ATTRIBUTE,04:44.0,5757.744375,1421978.422,0.108491287,1,0,1,7.03E-07,0.112426956
Residential,1,RSN,REDSTONE,NORTHEAST,DEVELOPING,2000s,{8912B83C-81FA-42E4-8EF3-88731CB3884F},{934752D6-DBD1-4673-B73F-5BA48BB527F5},32:53.0,CREATED,32:53.0,9174.68194,4960939.92,0.051672976,1,0,1,2.02E-07,0.032225487
Residential,1,REN,RENFREW,CENTRE,ESTABLISHED,INNER CITY,{15EF38EC-E7BC-4F48-BCA8-3233C236D329},{9053CDAA-AEB7-4194-A8F1-904A8DB603A8},10:25.0,MODIFIED ATTRIBUTE,55:34.0,12650.02343,6718715.515,0.153910085,2,0,2,2.98E-07,0.047589068
Residential,1,RIC,RICHMOND,CENTRE,ESTABLISHED,1950s,{73EC7DE1-2CA7-4AC5-B844-E2256ECAF7C6},{16A2857A-F490-46CA-9604-3D96305A3C2E},10:04.0,MODIFIED ATTRIBUTE,48:19.0,10799.92264,4812262.011,0.465564161,3,0,3,6.23E-07,0.099663342
Residential,1,RID,RIDEAU PARK,CENTRE,ESTABLISHED,INNER CITY,{2C1489AF-EB76-4DC2-BDE4-F3531BB28E74},{C8720EA9-D605-4BC8-BDC4-C7BD6A2A815C},10:30.0,MODIFIED ATTRIBUTE,25:10.0,3626.733522,674276.1738,0,0,0,0,0,0
Residential,1,RIV,RIVERBEND,SOUTHEAST,ESTABLISHED,1980s/1990s,{5BAD0F44-AA04-4EB0-AF1E-1A67AD8B9A59},{33A6F939-8E78-43A0-A9B3-3F493DADF8B6},10:15.0,MODIFIED ATTRIBUTE,27:43.0,14247.75551,10227153.69,0.225792571,2,1,3,2.93E-07,0.046895366
Residential,1,ROC,ROCKY RIDGE,NORTHWEST,COMPLETE,2000s,{F0FF8BE5-4C39-4463-81DF-FCED4E9776B2},{C45C71F3-C12A-4593-B830-8A41EEDB681B},43:03.0,MODIFIED ATTRIBUTE,21:42.0,11200.75558,7126484.825,0.209427745,3,0,3,4.21E-07,0.067299114
Residential,1,RDL,ROSEDALE,CENTRE,ESTABLISHED,INNER CITY,{D734FFA9-2797-4857-8F11-DC67F10C4667},{C59713E4-4C17-4EAA-9E01-22119F745AE2},10:30.0,MODIFIED ATTRIBUTE,26:52.0,5946.193585,1673098.771,0.048681201,1,0,1,5.98E-07,0.095552461
Residential,1,RMT,ROSEMONT,CENTRE,ESTABLISHED,1950s,{AB3B3BE9-F8E8-43DD-9DCA-0A0D292F2B76},{50DFA870-99ED-42DA-AD05-C0EEC48E06E3},10:05.0,MODIFIED ATTRIBUTE,57:45.0,4465.397955,1136520.281,0,0,0,0,0,0
Residential,1,RCK,ROSSCARROCK,WEST,ESTABLISHED,1950s,{E33C9843-E4A7-42BA-B552-991EF884DB1A},{BB67B0A2-3D2E-4B2B-8880-4412941E1EA1},10:31.0,MODIFIED ATTRIBUTE,37:29.0,6942.271611,2696590.488,0.036199339,1,0,1,3.71E-07,0.059285496
Residential,1,ROX,ROXBORO,CENTRE,ESTABLISHED,INNER CITY,{4E1B2B59-E7FC-42F2-B2C3-933C70D3750B},{ABD8D64F-378A-4620-BC16-2EDC6F6FAC6A},10:03.0,MODIFIED ATTRIBUTE,00:45.0,3725.311736,686534.5779,0,0,0,0,0,0
Residential,1,ROY,ROYAL OAK,NORTHWEST,COMPLETE,2010s,{D0A53A12-0E84-4F73-883A-864B8428A6AC},{86326D37-61B8-4E71-932A-CEB2DEC4509C},11:37.0,MODIFIED ATTRIBUTE,23:53.0,12263.20684,9038887.621,0.2869601,4,0,4,4.43E-07,0.070747071
Residential,1,RUN,RUNDLE,NORTHEAST,ESTABLISHED,1960s/1970s,{0EB5EF7D-F331-42EE-B506-224DB652596F},{DE5548BF-E97C-436A-A028-7F79F51D6215},10:13.0,MODIFIED ATTRIBUTE,57:04.0,10339.68975,6682446.883,0.432318302,5,0,5,7.48E-07,0.119618388
Residential,1,RUT,RUTLAND PARK,WEST,ESTABLISHED,1950s,{636D1A72-FC23-47C2-8646-565E1F89EEA7},{4F654117-5243-420C-BAD8-BD7DD7BD2258},10:07.0,MODIFIED ATTRIBUTE,44:51.0,6870.116631,1719314.764,0.10714127,2,0,2,1.16E-06,0.185967931
Residential,1,SAD,SADDLE RIDGE,NORTHEAST,DEVELOPING,2000s,{E760476B-531E-4F40-9EB3-8CE73B773ADF},{B93DA91B-5790-414D-897C-0666BD630C65},10:22.0,CREATED,10:22.0,17465.11496,14189646.75,0.413728214,3,0,3,2.11E-07,0.033799722
Residential,1,SGH,SAGE HILL,NORTH,DEVELOPING,BUILDING OUT,{2062294F-646B-49AC-BB7B-05343E1102B3},{FC098E10-ADAC-4450-8EF0-DF6DFDC44380},53:23.0,CREATED,53:23.0,13348.24747,9457561.947,0.562016376,5,0,5,5.29E-07,0.084518984
Residential,1,SAN,SANDSTONE VALLEY,NORTH,ESTABLISHED,1980s/1990s,{9C2FD4E7-0761-449D-91E5-71E107C8BDD7},{77632C20-15B2-41BB-B60D-6BC5F494D73C},10:20.0,MODIFIED ATTRIBUTE,51:11.0,8705.894068,4567472.928,0,0,0,0,0,0
Residential,1,SCA,SCARBORO,CENTRE,ESTABLISHED,INNER CITY,{576B0065-9082-4419-98EA-53355E32F117},{A5B803B2-E707-4544-855D-897570C489F5},10:06.0,MODIFIED ATTRIBUTE,01:22.0,4906.510964,1151651.009,0.033078077,1,0,1,8.68E-07,0.138816971
Residential,1,SSW,SCARBORO/ SUNALTA WEST,CENTRE,ESTABLISHED,1950s,{5936B46F-F8D8-47AA-980C-F90E51E12291},{1D1B0693-9FF3-4992-92D3-44564A3D4D50},10:17.0,MODIFIED ATTRIBUTE,21:40.0,4178.2146,895849.2525,0.054198993,1,0,1,1.12E-06,0.178454918
Residential,1,SCE,SCENIC ACRES,NORTHWEST,ESTABLISHED,1980s/1990s,{856404AF-0113-4144-89F2-9CD4147BF204},{9B704E3E-B8D3-4AC5-ACD1-7E1A83248664},43:03.0,MODIFIED ATTRIBUTE,36:00.0,17432.15189,11239846.61,0.098519286,1,0,1,8.90E-08,0.014223389
Residential,1,SET,SETON,SOUTHEAST,DEVELOPING,2000s,{5E8BCC4E-DD80-442B-AF8D-09BF64884D19},{A156DC36-0718-4BD1-A10C-0991FB47B961},10:36.0,MODIFIED SHAPE,31:36.0,13566.76949,11436237.72,0.400815765,2,2,4,3.50E-07,0.055916538
Residential,1,SHG,SHAGANAPPI,CENTRE,ESTABLISHED,1950s,{85E1298A-33F8-472B-9DDF-D330786175B4},{5F30FD34-1DE5-4741-9893-F353506AFA87},10:19.0,MODIFIED ATTRIBUTE,14:21.0,9127.828859,3741989.216,0.400177102,3,0,3,8.02E-07,0.128168759
Residential,1,SHS,SHAWNEE SLOPES,SOUTH,ESTABLISHED,1980s/1990s,{DB0BCE95-AAEE-4B87-B19D-ACFC54B440FC},{DC253544-E2A5-461B-B7F2-3432C633769C},10:02.0,MODIFIED ATTRIBUTE,52:19.0,9127.507299,3122434.109,0.131424971,1,0,1,3.20E-07,0.051200025
Residential,1,SHN,SHAWNESSY,SOUTH,ESTABLISHED,1980s/1990s,{12ABF003-8B12-4667-9B17-40FB31DC734E},{0EB7A479-086B-42B9-98B4-A463028CD2F0},10:04.0,MODIFIED ATTRIBUTE,30:28.0,15567.50508,9162569.381,0.287817928,2,0,2,2.18E-07,0.034896042
Residential,1,SHW,SHERWOOD,NORTH,COMPLETE,2010s,{3B35064F-50BA-4CB5-8711-F2A7B8873EF7},{C2BD088F-7231-4AEC-9DE1-8110CBC7CC1A},10:24.0,MODIFIED ATTRIBUTE,22:20.0,10309.68817,6077449.643,0.252893429,3,0,3,4.94E-07,0.078915687
Residential,1,SIG,SIGNAL HILL,WEST,ESTABLISHED,1980s/1990s,{F5BEC561-5F67-4D9A-B488-19A74B29274B},{67807B7F-5612-49C8-BE61-A19C360A1817},10:30.0,MODIFIED ATTRIBUTE,26:12.0,16573.27473,13725967.75,0.140409837,2,0,2,1.46E-07,0.023294344
Residential,1,SIL,SILVER SPRINGS,NORTHWEST,ESTABLISHED,1960s/1970s,{02A63B4B-C3B0-48FA-B2F1-E9BB8B7ECF11},{5EFCB91D-7B0F-424F-9CE9-9C1DCCFAEB2C},43:04.0,MODIFIED ATTRIBUTE,36:35.0,16043.15492,12707404.94,0,0,0,0,0,0
Residential,1,SKR,SKYVIEW RANCH,NORTHEAST,DEVELOPING,2000s,{053F01C5-793D-4833-9570-C3648C06E8A6},{209B284E-94BB-414D-86ED-F2E7F611D6D1},10:26.0,MODIFIED SHAPE,37:00.0,11665.44203,5865762.95,0.147792803,2,0,2,3.41E-07,0.054509092
Residential,1,SOM,SOMERSET,SOUTH,ESTABLISHED,1980s/1990s,{02806A31-BBDB-4153-8905-431F4A0A5D46},{59133DB6-F7A4-416F-9F19-8E6982787787},10:20.0,MODIFIED ATTRIBUTE,35:16.0,10523.42951,5491625.385,0.112511749,1,0,1,1.82E-07,0.029111364
Residential,1,SOC,SOUTH CALGARY,CENTRE,ESTABLISHED,INNER CITY,{28663525-0244-4694-8557-B69ED6AED8A1},{4FA42FC1-0FDC-468B-BB1E-C455F6601FB8},10:22.0,MODIFIED ATTRIBUTE,50:44.0,7727.55868,2241248.637,0.021649776,1,0,1,4.46E-07,0.071330196
Residential,1,SOV,SOUTHVIEW,EAST,ESTABLISHED,1950s,{2C22632F-1671-4AB1-A2E6-FA09436E9B21},{57545EB2-6551-4F57-8738-AEDD1E8BA2CB},10:17.0,MODIFIED ATTRIBUTE,54:40.0,9267.429922,4021927.895,0.259963211,3,0,3,7.46E-07,0.119247815
Residential,1,SOW,SOUTHWOOD,SOUTH,ESTABLISHED,1960s/1970s,{32512303-BA78-4A51-9E40-9B16EB2AF03D},{A0C690C1-7947-4978-B574-2308F224E699},10:29.0,MODIFIED ATTRIBUTE,59:01.0,10459.94592,6708100.312,0.346460734,2,0,2,2.98E-07,0.047664375
Residential,1,SPH,SPRINGBANK HILL,WEST,DEVELOPING,BUILDING OUT,{6D14CCD0-5509-4900-A80C-1D027C55983F},{F24DC505-6CA3-4D3B-A3CA-529AAB365250},10:19.0,CREATED,18:36.0,16450.5453,16429775.84,0.197827635,2,0,2,1.22E-07,0.01946085
Residential,1,SPR,SPRUCE CLIFF,WEST,ESTABLISHED,1950s,{7AB87529-2338-45BD-8516-C2FEE6864DA5},{60F3B140-0715-411E-8807-A87DBCF83C0B},10:08.0,MODIFIED ATTRIBUTE,14:28.0,7413.216171,2714735.978,0.020191831,1,0,1,3.68E-07,0.058889228
Residential,1,STA,ST. ANDREWS HEIGHTS,CENTRE,ESTABLISHED,1950s,{C8E67860-3361-44BC-9F58-96FD3E7E441C},{0030B14A-F367-404C-9469-F79DAF44BCAD},10:24.0,MODIFIED ATTRIBUTE,00:14.0,7843.549423,2933234.662,0.198792082,1,0,1,3.41E-07,0.054502528
Residential,1,STR,STRATHCONA PARK,WEST,ESTABLISHED,1980s/1990s,{BFB2D2E5-99EE-45AA-BB54-01F624195611},{D2E7850E-D244-48D9-9654-6BAC899B38C8},10:18.0,MODIFIED ATTRIBUTE,11:22.0,14522.58452,6836227.094,0,0,0,0,0,0
Residential,1,SNA,SUNALTA,CENTRE,ESTABLISHED,INNER CITY,{0CECE113-72D4-412A-9294-63D1A4599AF4},{C838B434-70DA-46B0-80C3-B2C8F1152EB6},10:14.0,MODIFIED ATTRIBUTE,03:57.0,7467.823989,2367595.659,0.239751445,3,0,3,1.27E-06,0.202570956
Residential,1,SDC,SUNDANCE,SOUTH,ESTABLISHED,1980s/1990s,{7A91E775-801D-42A2-9061-3ACBEC725DF3},{8F74A632-D62F-4B51-981F-674A6C60DEB9},10:20.0,MODIFIED ATTRIBUTE,52:19.0,14401.01111,9982548.5,0,0,0,0,0,0
Residential,1,SSD,SUNNYSIDE,CENTRE,ESTABLISHED,INNER CITY,{800FF21F-6329-46A4-90C0-4D2752BEA0FA},{6A1A9D1B-5343-4F71-9FAA-1105564A5B1B},10:17.0,MODIFIED ATTRIBUTE,26:20.0,9298.885345,2585003.772,0.152333028,1,0,1,3.87E-07,0.06184467
Residential,1,TAR,TARADALE,NORTHEAST,COMPLETE,2000s,{51E4E38F-02C6-4C83-9DB3-60566758D6D5},{AE5508A3-25AD-4DC1-9FFD-64E50D6B4D35},10:13.0,MODIFIED ATTRIBUTE,21:21.0,10899.22679,7208559.894,0.165888447,2,0,2,2.77E-07,0.044355241
Residential,1,TEM,TEMPLE,NORTHEAST,ESTABLISHED,1960s/1970s,{3D9AD539-24D7-4C4F-922C-8B67815BB26C},{E25A51DC-2525-4838-95F6-7E568936CE7A},10:15.0,MODIFIED ATTRIBUTE,02:53.0,10336.79995,6644996.403,0.259074746,3,0,3,4.51E-07,0.072175527
Residential,1,THO,THORNCLIFFE,NORTH,ESTABLISHED,1950s,{FEEFB48F-EC25-45C7-AF9F-3CB93793FB9F},{FD9A8EEB-58E4-4018-81EF-6D32601C937F},10:27.0,MODIFIED ATTRIBUTE,30:58.0,13095.90218,8280991.074,0,0,2,2,2.42E-07,0.038611008
Residential,1,TUS,TUSCANY,NORTHWEST,COMPLETE,2000s,{39FC203B-08CA-4D4E-ADC3-BEC50D34F243},{A53B0427-DAD2-4652-A12D-A364A583B5B4},43:04.0,MODIFIED ATTRIBUTE,27:17.0,18563.75701,17236127.37,0.099413783,1,0,1,5.80E-08,0.00927521
Residential,1,TUX,TUXEDO PARK,CENTRE,ESTABLISHED,INNER CITY,{1606A45F-8A88-43EC-900E-F699ED784053},{55F8D2F3-600F-4DD2-B5EC-3002BDB3098B},10:24.0,MODIFIED ATTRIBUTE,07:04.0,7873.915553,3360882.265,0.046700823,1,2,3,8.93E-07,0.142702445
Residential,1,UNI,UNIVERSITY HEIGHTS,NORTHWEST,ESTABLISHED,1960s/1970s,{86E39BD8-D85A-400D-9BA9-726561899298},{818E767C-7811-4E71-B8EE-93409A8E3C1B},10:04.0,MODIFIED ATTRIBUTE,59:50.0,6393.622358,2066994.555,0,0,0,0,0,0
Residential,1,UMR,UPPER MOUNT ROYAL,CENTRE,ESTABLISHED,INNER CITY,{C7E63D09-C224-48BC-9C00-6A097D4A753C},{AA9817F7-EAFE-432A-B60B-F3D435B7191C},10:21.0,MODIFIED ATTRIBUTE,49:38.0,8086.608201,3218729.199,0,0,0,0,0,0
Residential,1,VAL,VALLEY RIDGE,WEST,ESTABLISHED,2000s,{117DC089-932F-453C-943F-6FA56C4B9E40},{CD1B8C47-C051-4178-9C77-6C686C34B509},10:35.0,MODIFIED ATTRIBUTE,15:02.0,13820.64579,8331242.46,0,0,0,0,0,0
Residential,1,VAR,VARSITY,NORTHWEST,ESTABLISHED,1960s/1970s,{32A2FCA2-3ECE-40F2-834F-CB4A7C302211},{30B58E9A-3124-4D56-A00B-25D97ACF5E72},10:28.0,MODIFIED ATTRIBUTE,36:10.0,18797.71665,17243890.81,0.588181016,6,0,6,3.48E-07,0.055626206
Residential,1,WAL,WALDEN,SOUTH,DEVELOPING,BUILDING OUT,{B1DAF057-E6DF-4BD5-9604-D1FC17C59547},{0BDA6C42-4D4B-4F29-838D-8FD7A9541C92},10:09.0,MODIFIED SHAPE,50:34.0,13015.12213,6169273.211,0,0,0,0,0,0
Residential,1,WHL,WEST HILLHURST,CENTRE,ESTABLISHED,INNER CITY,{0D4D31EC-0D5A-4543-8D0C-079EF96FB797},{FC2AF3A2-2470-45BA-9280-394121FC2F84},10:31.0,MODIFIED ATTRIBUTE,20:04.0,11296.26667,5962331.574,0.400178682,3,0,3,5.03E-07,0.080439357
Residential,1,WSP,WEST SPRINGS,WEST,DEVELOPING,BUILDING OUT,{0926E466-258D-4880-9FDD-9D539435391A},{F25CA628-B354-49C8-A1F3-8305B284A18B},10:07.0,CREATED,15:46.0,13411.46292,10557088.72,0,0,0,0,0,0
Residential,1,WGT,WESTGATE,WEST,ESTABLISHED,1950s,{55412F61-8D26-469E-8738-EDCF76728F31},{BA8EBBA8-9A46-4886-95CE-32FCCBB7F913},10:26.0,MODIFIED ATTRIBUTE,37:08.0,7329.533072,2941231.566,0.06115313,1,0,1,3.40E-07,0.054354342
Residential,1,WHI,WHITEHORN,NORTHEAST,ESTABLISHED,1960s/1970s,{A043A625-7511-4B06-8B6B-0D7A6F0B8CDA},{8D4B6680-DD39-4F05-A68A-4A4A5BCF56BF},10:16.0,MODIFIED ATTRIBUTE,58:40.0,10318.64418,6688957.937,0.460931912,5,0,5,7.48E-07,0.119501951
Residential,1,WLD,WILDWOOD,WEST,ESTABLISHED,1950s,{EB44A9E4-D428-4F39-992F-EE24734AE23E},{8F4BCD73-F2ED-438E-A350-CFF213AEC51D},10:25.0,MODIFIED ATTRIBUTE,43:33.0,13732.15263,6479778.02,0,0,0,0,0,0
Residential,1,WIL,WILLOW PARK,SOUTH,ESTABLISHED,1960s/1970s,{38F1E310-029D-4A0F-AFA1-F94FD738EF50},{D6338F12-C38A-475D-B204-5E6F36F658E4},10:05.0,MODIFIED ATTRIBUTE,45:15.0,11632.15384,8557210.251,0.004593342,1,0,1,1.17E-07,0.018682339
Residential,1,WND,WINDSOR PARK,CENTRE,ESTABLISHED,1950s,{D3CA685D-803C-4408-900D-AD4B47FE6BEE},{8BF4D594-9540-4819-8970-CA3C3E06ACFB},10:15.0,MODIFIED ATTRIBUTE,55:00.0,8471.110338,3217860.491,0,0,0,0,0,0
Residential,1,WIN,WINSTON HEIGHTS/MOUNTVIEW,CENTRE,ESTABLISHED,1950s,{B5300F6A-D121-40A5-A3B4-1E444EBAEFB5},{D4D49A52-B9F6-4416-AF44-E589F25BF1FB},10:00.0,MODIFIED ATTRIBUTE,08:38.0,13115.34784,7638408.347,0.14945451,2,0,2,2.62E-07,0.041859167
Residential,1,WWO,WOLF WILLOW,SOUTH,DEVELOPING,BUILDING OUT,{9C5DA3E5-4076-4A85-ADB1-8195562FF17F},{A0018F55-EA8D-4036-9C64-AC66F1ED9B1E},13:52.0,MODIFIED SHAPE,52:19.0,13994.17131,7157917.55,0,0,0,0,0,0
Residential,1,WBN,WOODBINE,SOUTH,ESTABLISHED,1980s/1990s,{99C5CE1C-17F6-47CE-A821-53A20DD2F4CA},{D6F61B00-2654-45C7-BF79-4E774F474CE8},10:12.0,MODIFIED ATTRIBUTE,52:19.0,15251.79604,8115057.614,0.195379041,2,0,2,2.46E-07,0.03940051
Residential,1,WOO,WOODLANDS,SOUTH,ESTABLISHED,1980s/1990s,{1B11A62A-D637-417F-9E20-8C85DA74799A},{C43D2F13-4700-4654-8CD8-AFEFA777EB72},10:29.0,MODIFIED ATTRIBUTE,52:19.0,13231.31253,7054156.252,0.204130837,2,0,2,2.84E-07,0.045326103
Residential,1,YKV,YORKVILLE,SOUTH,DEVELOPING,BUILDING OUT,{0DA2929F-94B0-4935-96F7-49658B588228},{6CEA8AF8-FB5A-4006-9E73-EEF5FE71545F},19:37.0,MODIFIED SHAPE,32:05.0,10319.28937,4994115.053,0.064339954,1,0,1,2.00E-07,0.032011418