Ward 6,Unnamed: 0,Calgary,Unnamed: 1,Ward 6.1,Unnamed: 2,Unnamed: 3,Unnamed: 4,Ward 12,Ward 12.1,Ward 3,Ward 3.1,Ward 9,Ward 9.1,Ward 11,Ward 11.1,Ward 14,Ward 14.1,Ward 5,Ward 5.1,Ward 2,Ward 2.1,Ward 13,Ward 13.1,Ward 7,Ward 7.1,Ward 4,Ward 4.1,Ward 10,Ward 10.1,Ward 8,Ward 8.1,Ward 1,Ward 1.1
Number,Per cent,Number,Per cent,,,,,,,,,,,,,,,,,,,,,,,,,,,,,,
Population in private,,Population in private,,,,,,,,,,,,,,,,,,,,,,,,,,,,,,,
"98,175",100%,"1,291,790",100%,,,,,,,,,,,,,,,,,,,,,,,,,,,,,,
households,,households,,,,,,,,,,,,,,,,,,,,,,,,,,,,,,,
"0 to 14 years 18,750",19%,"0 to 14 years 235,540",18%,,,,,,,,,,,,,,,,,,,,,,,,,,,,,,
"15 to 64 years 65,395",67%,"15 to 64 years 888,985",69%,,,,,,,,,,,,,,,,,,,,,,,,,,,,,,
"65 to 84 years 12,675",13%,"65 to 84 years 152,425",12%,,,,,,,,,,,,,,,,,,,,,,,,,,,,,,
"85 years and over 1,360",1%,"85 years and over 14,845",1%,,,,,,,,,,,,,,,,,,,,,,,,,,,,,,
,Number,,Number,,,,,,,,,,,,,,,,,,,,,,,,,,,,,,
Population aged 15 years and over,,Population aged 15 years and over,,,,,,,,,,,,,,,,,,,,,,,,,,,,,,,
,"79,425",,"1,056,255",,,,,,,,,,,,,,,,,,,,,,,,,,,,,,
in private households,,in private households,,,,,,,,,,,,,,,,,,,,,,,,,,,,,,,
In the labour force,"53,120",In the labour force,"730,060",,,,,,,,,,,,,,,,,,,,,,,,,,,,,,
Employed,"46,790",Employed,"638,655",,,,,,,,,,,,,,,,,,,,,,,,,,,,,,
Self-Employed,"10,040",Self-Employed,"108,765",,,,,,,,,,,,,,,,,,,,,,,,,,,,,,
Unemployed,"6,330",Unemployed,"91,410",,,,,,,,,,,,,,,,,,,,,,,,,,,,,,
Not in the labour force,"26,305",Not in the labour force,"326,185",,,,,,,,,,,,,,,,,,,,,,,,,,,,,,
Labour force participation rate,67%,Labour force participation rate,69%,,,,,,,,,,,,,,,,,,,,,,,,,,,,,,
Employment rate,59%,Employment rate,61%,,,,,,,,,,,,,,,,,,,,,,,,,,,,,,
Unemployment rate,12%,Unemployment rate,13%,,,,,,,,,,,,,,,,,,,,,,,,,,,,,,
,,,,Number,,,,,,,,,,,,,,,,,,,,,,,,,,,,,
Median income of populationaged 15 years and over,,,,"$49,600",,,,,,,,,,,,,,,,,,,,,,,,,,,,,
Men +,,,,"$60,000",,,,,,,,,,,,,,,,,,,,,,,,,,,,,
Women +,,,,"$42,800",,,,,,,,,,,,,,,,,,,,,,,,,,,,,
Median household income ofprivate households,,,,"$116,000",,,,,,,,,,,,,,,,,,,,,,,,,,,,,
,,,Number in lowincome,Number,,Per cent in lowincome,,,,,,,,,,,,,,,,,,,,,,,,,,,
Population in private households to whom low-income concepts are applicable,,,"8,360","98,170",,9%,,,,,,,,,,,,,,,,,,,,,,,,,,,
0 to 17 years,,,"2,255","23,095",,10%,,,,,,,,,,,,,,,,,,,,,,,,,,,
18 to 64 years,,,"4,825","61,045",,8%,,,,,,,,,,,,,,,,,,,,,,,,,,,
65 years and over,,,"1,285","14,030",,9%,,,,,,,,,,,,,,,,,,,,,,,,,,,
,Number,,Per cent,,Number,Per cent,,,,,,,,,,,,,,,,,,,,,,,,,,,
Employed labour force,,Employed labour force,,,,,,,,,,,,,,,,,,,,,,,,,,,,,,,
aged 15 years and over in,"28,720",aged 15 years and over in,100%,,"454,175",100%,,,,,,,,,,,,,,,,,,,,,,,,,,,
private households,,private households,,,,,,,,,,,,,,,,,,,,,,,,,,,,,,,
"Driver – car, truck or van","22,760","Driver – car, truck or van",79%,,"350,775",77%,,,,,,,,,,,,,,,,,,,,,,,,,,,
"Passenger – car, truck or",,"Passenger – car, truck or",,,,,,,,,,,,,,,,,,,,,,,,,,,,,,,
,"1,395",,5%,,"27,315",6%,,,,,,,,,,,,,,,,,,,,,,,,,,,
van,,van,,,,,,,,,,,,,,,,,,,,,,,,,,,,,,,
Public transit,"2,270",Public transit,8%,,"39,900",9%,,,,,,,,,,,,,,,,,,,,,,,,,,,
Walked,900,Walked,3%,,"19,200",4%,,,,,,,,,,,,,,,,,,,,,,,,,,,
Bicycle,345,Bicycle,1%,,"3,955",1%,,,,,,,,,,,,,,,,,,,,,,,,,,,
Other methods,"1,060",Other methods,4%,,"13,035",3%,,,,,,,,,,,,,,,,,,,,,,,,,,,
,Per cent,Number,Per cent,,,,,Number,,,,,,,,,,,,,,,,,,,,,,,,,
,,Population in private,,,,,,Population in private,,,,,,,,,,,,,,,,,,,,,,,,,
,100%,"1,291,790",100%,,,,,"101,455",,,,,,,,,,,,,,,,,,,,,,,,,
,,households,,,,,,households,,,,,,,,,,,,,,,,,,,,,,,,,
,25%,"0 to 14 years 235,540",18%,,,,,"0 to 14 years 25,365",,,,,,,,,,,,,,,,,,,,,,,,,
,68%,"15 to 64 years 888,985",69%,,,,,"15 to 64 years 69,055",,,,,,,,,,,,,,,,,,,,,,,,,
,7%,"65 to 84 years 152,425",12%,,,,,"65 to 84 years 6,630",,,,,,,,,,,,,,,,,,,,,,,,,
,0%,"85 years and over 14,845",1%,,,,,85 years and over 405,,,,,,,,,,,,,,,,,,,,,,,,,
,Number,,Number,,,,,,,,,,,,,,,,,,,,,,,,,,,,,,
,,Population aged 15 years and over,,,,,,Population aged 15 years and over,,,,,,,,,,,,,,,,,,,,,,,,,
,"76,095",,"1,056,255",,,,,,,,,,,,,,,,,,,,,,,,,,,,,,
,,in private households,,,,,,in private households,,,,,,,,,,,,,,,,,,,,,,,,,
,"58,950",In the labour force,"730,060",,,,,In the labour force,,,,,,,,,,,,,,,,,,,,,,,,,
,"53,325",Employed,"638,655",,,,,Employed,,,,,,,,,,,,,,,,,,,,,,,,,
,"7,825",Self-Employed,"108,765",,,,,Self-Employed,,,,,,,,,,,,,,,,,,,,,,,,,
,"5,625",Unemployed,"91,410",,,,,Unemployed,,,,,,,,,,,,,,,,,,,,,,,,,
,"17,140",Not in the labour force,"326,185",,,,,Not in the labour force,,,,,,,,,,,,,,,,,,,,,,,,,
,78%,Labour force participation rate,69%,,,,,Labour force participation rate,,,,,,,,,,,,,,,,,,,,,,,,,
,70%,Employment rate,61%,,,,,Employment rate,,,,,,,,,,,,,,,,,,,,,,,,,
,10%,Unemployment rate,13%,,,,,Unemployment rate,,,,,,,,,,,,,,,,,,,,,,,,,
,,,,,,,,,Number,,,,,,,,,,,,,,,,,,,,,,,,
,,,,,,,,Median income of populationaged 15 years and over,"$55,200",,,,,,,,,,,,,,,,,,,,,,,,
,,,,,,,,Men +,"$67,000",,,,,,,,,,,,,,,,,,,,,,,,
,,,,,,,,Women +,"$46,000",,,,,,,,,,,,,,,,,,,,,,,,
,,,,,,,,Median household income ofprivate households,"$119,000",,,,,,,,,,,,,,,,,,,,,,,,
,,,Number in lowincome,,Per cent in lowincome,,,,Number,,,,,,,,,,,,,,,,,,,,,,,,
,,,"5,190",,5%,,,Population in private households to whom low-income concepts are applicable,"101,460",,,,,,,,,,,,,,,,,,,,,,,,
,,,"1,780",,6%,,,0 to 17 years,"29,000",,,,,,,,,,,,,,,,,,,,,,,,
,,,"2,900",,4%,,,18 to 64 years,"65,430",,,,,,,,,,,,,,,,,,,,,,,,
,,,505,,7%,,,65 years and over,"7,035",,,,,,,,,,,,,,,,,,,,,,,,
,Number,,Per cent,,Number,Per cent,,,,,,,,,,,,,,,,,,,,,,,,,,,
,,Employed labour force,,,,,,Employed labour force,,,,,,,,,,,,,,,,,,,,,,,,,
,"38,330",aged 15 years and over in,100%,,"454,175",100%,,aged 15 years and over in,,,,,,,,,,,,,,,,,,,,,,,,,
,,private households,,,,,,private households,,,,,,,,,,,,,,,,,,,,,,,,,
,"32,505","Driver – car, truck or van",85%,,"350,775",77%,,"Driver – car, truck or van",,,,,,,,,,,,,,,,,,,,,,,,,
,,"Passenger – car, truck or",,,,,,"Passenger – car, truck or",,,,,,,,,,,,,,,,,,,,,,,,,
,"1,910",,5%,,"27,315",6%,,,,,,,,,,,,,,,,,,,,,,,,,,,
,,van,,,,,,van,,,,,,,,,,,,,,,,,,,,,,,,,
,"1,615",Public transit,4%,,"39,900",9%,,Public transit,,,,,,,,,,,,,,,,,,,,,,,,,
,"1,020",Walked,3%,,"19,200",4%,,Walked,,,,,,,,,,,,,,,,,,,,,,,,,
,150,Bicycle,0%,,"3,955",1%,,Bicycle,,,,,,,,,,,,,,,,,,,,,,,,,
,"1,130",Other methods,3%,,"13,035",3%,,Other methods,,,,,,,,,,,,,,,,,,,,,,,,,
,Per cent,Number,Per cent,,,,,,,Number,,,,,,,,,,,,,,,,,,,,,,,
,,Population in private,,,,,,,,Population in private,,,,,,,,,,,,,,,,,,,,,,,
,100%,"1,291,790",100%,,,,,,,"85,675",,,,,,,,,,,,,,,,,,,,,,,
,,households,,,,,,,,households,,,,,,,,,,,,,,,,,,,,,,,
,19%,"0 to 14 years 235,540",18%,,,,,,,"0 to 14 years 16,695",,,,,,,,,,,,,,,,,,,,,,,
,69%,"15 to 64 years 888,985",69%,,,,,,,"15 to 64 years 59,525",,,,,,,,,,,,,,,,,,,,,,,
,10%,"65 to 84 years 152,425",12%,,,,,,,"65 to 84 years 8,770",,,,,,,,,,,,,,,,,,,,,,,
,1%,"85 years and over 14,845",1%,,,,,,,85 years and over 690,,,,,,,,,,,,,,,,,,,,,,,
,Number,,Number,,,,,,,,,,,,,,,,,,,,,,,,,,,,,,
,,Population aged 15 years and over,,,,,,,,Population aged 15 years and over,,,,,,,,,,,,,,,,,,,,,,,
,"68,980",,"1,056,255",,,,,,,,,,,,,,,,,,,,,,,,,,,,,,
,,in private households,,,,,,,,in private households,,,,,,,,,,,,,,,,,,,,,,,
,"48,690",In the labour force,"730,060",,,,,,,In the labour force,,,,,,,,,,,,,,,,,,,,,,,
,"42,270",Employed,"638,655",,,,,,,Employed,,,,,,,,,,,,,,,,,,,,,,,
,"6,345",Self-Employed,"108,765",,,,,,,Self-Employed,,,,,,,,,,,,,,,,,,,,,,,
,"6,415",Unemployed,"91,410",,,,,,,Unemployed,,,,,,,,,,,,,,,,,,,,,,,
,"20,295",Not in the labour force,"326,185",,,,,,,Not in the labour force,,,,,,,,,,,,,,,,,,,,,,,
,71%,Labour force participation rate,69%,,,,,,,Labour force participation rate,,,,,,,,,,,,,,,,,,,,,,,
,61%,Employment rate,61%,,,,,,,Employment rate,,,,,,,,,,,,,,,,,,,,,,,
,13%,Unemployment rate,13%,,,,,,,Unemployment rate,,,,,,,,,,,,,,,,,,,,,,,
,,,,,,,,,,,Number,,,,,,,,,,,,,,,,,,,,,,
,,,,,,,,,,Median income of populationaged 15 years and over,"$42,800",,,,,,,,,,,,,,,,,,,,,,
,,,,,,,,,,Men +,"$48,800",,,,,,,,,,,,,,,,,,,,,,
,,,,,,,,,,Women +,"$38,800",,,,,,,,,,,,,,,,,,,,,,
,,,,,,,,,,Median household income ofprivate households,"$109,000",,,,,,,,,,,,,,,,,,,,,,
,,,Number in lowincome,,,Per cent in lowincome,,,,,Number,,,,,,,,,,,,,,,,,,,,,,
,,,"5,575",,,7%,,,,Population in private households to whom low-income concepts are applicable,"85,680",,,,,,,,,,,,,,,,,,,,,,
,,,"1,575",,,8%,,,,0 to 17 years,"20,310",,,,,,,,,,,,,,,,,,,,,,
,,,"3,080",,,6%,,,,18 to 64 years,"55,905",,,,,,,,,,,,,,,,,,,,,,
,,,920,,,10%,,,,65 years and over,"9,460",,,,,,,,,,,,,,,,,,,,,,
,Number,,Per cent,,Number,Per cent,,,,,,,,,,,,,,,,,,,,,,,,,,,
,,Employed labour force,,,,,,,,Employed labour force,,,,,,,,,,,,,,,,,,,,,,,
,"31,055",aged 15 years and over in,100%,,"454,175",100%,,,,aged 15 years and over in,,,,,,,,,,,,,,,,,,,,,,,
,,private households,,,,,,,,private households,,,,,,,,,,,,,,,,,,,,,,,
,"25,760","Driver – car, truck or van",83%,,"350,775",77%,,,,"Driver – car, truck or van",,,,,,,,,,,,,,,,,,,,,,,
,,"Passenger – car, truck or",,,,,,,,"Passenger – car, truck or",,,,,,,,,,,,,,,,,,,,,,,
,"2,115",,7%,,"27,315",6%,,,,,,,,,,,,,,,,,,,,,,,,,,,
,,van,,,,,,,,van,,,,,,,,,,,,,,,,,,,,,,,
,"1,910",Public transit,6%,,"39,900",9%,,,,Public transit,,,,,,,,,,,,,,,,,,,,,,,
,430,Walked,1%,,"19,200",4%,,,,Walked,,,,,,,,,,,,,,,,,,,,,,,
,75,Bicycle,0%,,"3,955",1%,,,,Bicycle,,,,,,,,,,,,,,,,,,,,,,,
,765,Other methods,2%,,"13,035",3%,,,,Other methods,,,,,,,,,,,,,,,,,,,,,,,
,Per cent,Number,Per cent,,,,,,,,,Number,,,,,,,,,,,,,,,,,,,,,
,,Population in private,,,,,,,,,,Population in private,,,,,,,,,,,,,,,,,,,,,
,100%,"1,291,790",100%,,,,,,,,,"85,410",,,,,,,,,,,,,,,,,,,,,
,,households,,,,,,,,,,households,,,,,,,,,,,,,,,,,,,,,
,16%,"0 to 14 years 235,540",18%,,,,,,,,,"0 to 14 years 13,560",,,,,,,,,,,,,,,,,,,,,
,71%,"15 to 64 years 888,985",69%,,,,,,,,,"15 to 64 years 60,625",,,,,,,,,,,,,,,,,,,,,
,12%,"65 to 84 years 152,425",12%,,,,,,,,,"65 to 84 years 10,190",,,,,,,,,,,,,,,,,,,,,
,1%,"85 years and over 14,845",1%,,,,,,,,,"85 years and over 1,045",,,,,,,,,,,,,,,,,,,,,
,Number,,Number,,,,,,,,,,,,,,,,,,,,,,,,,,,,,,
,,Population aged 15 years and over,,,,,,,,,,Population aged 15 years and over,,,,,,,,,,,,,,,,,,,,,
,"71,850",,"1,056,255",,,,,,,,,,,,,,,,,,,,,,,,,,,,,,
,,in private households,,,,,,,,,,in private households,,,,,,,,,,,,,,,,,,,,,
,"47,655",In the labour force,"730,060",,,,,,,,,In the labour force,,,,,,,,,,,,,,,,,,,,,
,"40,330",Employed,"638,655",,,,,,,,,Employed,,,,,,,,,,,,,,,,,,,,,
,"6,145",Self-Employed,"108,765",,,,,,,,,Self-Employed,,,,,,,,,,,,,,,,,,,,,
,"7,325",Unemployed,"91,410",,,,,,,,,Unemployed,,,,,,,,,,,,,,,,,,,,,
,"24,195",Not in the labour force,"326,185",,,,,,,,,Not in the labour force,,,,,,,,,,,,,,,,,,,,,
,66%,Labour force participation rate,69%,,,,,,,,,Labour force participation rate,,,,,,,,,,,,,,,,,,,,,
,56%,Employment rate,61%,,,,,,,,,Employment rate,,,,,,,,,,,,,,,,,,,,,
,15%,Unemployment rate,13%,,,,,,,,,Unemployment rate,,,,,,,,,,,,,,,,,,,,,
,,,,,,,,,,,,,Number,,,,,,,,,,,,,,,,,,,,
,,,,,,,,,,,,Median income of populationaged 15 years and over,"$38,800",,,,,,,,,,,,,,,,,,,,
,,,,,,,,,,,,Men +,"$42,000",,,,,,,,,,,,,,,,,,,,
,,,,,,,,,,,,Women +,"$35,600",,,,,,,,,,,,,,,,,,,,
,,,,,,,,,,,,Median household income ofprivate households,"$74,000",,,,,,,,,,,,,,,,,,,,
,,,Number in lowincome,,,Per cent in lowincome,,,,,,,Number,,,,,,,,,,,,,,,,,,,,
,,,"11,775",,,14%,,,,,,Population in private households to whom low-income concepts are applicable,"85,410",,,,,,,,,,,,,,,,,,,,
,,,"3,150",,,20%,,,,,,0 to 17 years,"16,040",,,,,,,,,,,,,,,,,,,,
,,,"6,735",,,12%,,,,,,18 to 64 years,"58,145",,,,,,,,,,,,,,,,,,,,
,,,"1,895",,,17%,,,,,,65 years and over,"11,230",,,,,,,,,,,,,,,,,,,,
,Number,,Per cent,,Number,Per cent,,,,,,,,,,,,,,,,,,,,,,,,,,,
,,Employed labour force,,,,,,,,,,Employed labour force,,,,,,,,,,,,,,,,,,,,,
,"32,235",aged 15 years and over in,100%,,"454,175",100%,,,,,,aged 15 years and over in,,,,,,,,,,,,,,,,,,,,,
,,private households,,,,,,,,,,private households,,,,,,,,,,,,,,,,,,,,,
,"23,870","Driver – car, truck or van",74%,,"350,775",77%,,,,,,"Driver – car, truck or van",,,,,,,,,,,,,,,,,,,,,
,,"Passenger – car, truck or",,,,,,,,,,"Passenger – car, truck or",,,,,,,,,,,,,,,,,,,,,
,"2,315",,7%,,"27,315",6%,,,,,,,,,,,,,,,,,,,,,,,,,,,
,,van,,,,,,,,,,van,,,,,,,,,,,,,,,,,,,,,
,"3,540",Public transit,11%,,"39,900",9%,,,,,,Public transit,,,,,,,,,,,,,,,,,,,,,
,"1,235",Walked,4%,,"19,200",4%,,,,,,Walked,,,,,,,,,,,,,,,,,,,,,
,510,Bicycle,2%,,"3,955",1%,,,,,,Bicycle,,,,,,,,,,,,,,,,,,,,,
,765,Other methods,2%,,"13,035",3%,,,,,,Other methods,,,,,,,,,,,,,,,,,,,,,
,Per cent,Number,Per cent,,,,,,,,,,,Number,,,,,,,,,,,,,,,,,,,
,,Population in private,,,,,,,,,,,,Population in private,,,,,,,,,,,,,,,,,,,
,100%,"1,291,790",100%,,,,,,,,,,,"102,435",,,,,,,,,,,,,,,,,,,
,,households,,,,,,,,,,,,households,,,,,,,,,,,,,,,,,,,
,15%,"0 to 14 years 235,540",18%,,,,,,,,,,,"0 to 14 years 15,325",,,,,,,,,,,,,,,,,,,
,67%,"15 to 64 years 888,985",69%,,,,,,,,,,,"15 to 64 years 68,250",,,,,,,,,,,,,,,,,,,
,16%,"65 to 84 years 152,425",12%,,,,,,,,,,,"65 to 84 years 16,575",,,,,,,,,,,,,,,,,,,
,2%,"85 years and over 14,845",1%,,,,,,,,,,,"85 years and over 2,285",,,,,,,,,,,,,,,,,,,
,Number,,Number,,,,,,,,,,,,,,,,,,,,,,,,,,,,,,
,,Population aged 15 years and over,,,,,,,,,,,,Population aged 15 years and over,,,,,,,,,,,,,,,,,,,
,"87,115",,"1,056,255",,,,,,,,,,,,,,,,,,,,,,,,,,,,,,
,,in private households,,,,,,,,,,,,in private households,,,,,,,,,,,,,,,,,,,
,"57,840",In the labour force,"730,060",,,,,,,,,,,In the labour force,,,,,,,,,,,,,,,,,,,
,"50,770",Employed,"638,655",,,,,,,,,,,Employed,,,,,,,,,,,,,,,,,,,
,"9,610",Self-Employed,"108,765",,,,,,,,,,,Self-Employed,,,,,,,,,,,,,,,,,,,
,"7,070",Unemployed,"91,410",,,,,,,,,,,Unemployed,,,,,,,,,,,,,,,,,,,
,"29,270",Not in the labour force,"326,185",,,,,,,,,,,Not in the labour force,,,,,,,,,,,,,,,,,,,
,66%,Labour force participation rate,69%,,,,,,,,,,,Labour force participation rate,,,,,,,,,,,,,,,,,,,
,58%,Employment rate,61%,,,,,,,,,,,Employment rate,,,,,,,,,,,,,,,,,,,
,12%,Unemployment rate,13%,,,,,,,,,,,Unemployment rate,,,,,,,,,,,,,,,,,,,
,,,,,,,,,,,,,,,Number,,,,,,,,,,,,,,,,,,
,,,,,,,,,,,,,,Median income of populationaged 15 years and over,"$46,000",,,,,,,,,,,,,,,,,,
,,,,,,,,,,,,,,Men +,"$52,000",,,,,,,,,,,,,,,,,,
,,,,,,,,,,,,,,Women +,"$41,600",,,,,,,,,,,,,,,,,,
,,,,,,,,,,,,,,Median household income ofprivate households,"$95,000",,,,,,,,,,,,,,,,,,
,,,Number in lowincome,,Per cent in lowincome,,,,,,,,,,Number,,,,,,,,,,,,,,,,,,
,,,"8,945",,9%,,,,,,,,,Population in private households to whom low-income concepts are applicable,"102,435",,,,,,,,,,,,,,,,,,
,,,"1,890",,10%,,,,,,,,,0 to 17 years,"18,085",,,,,,,,,,,,,,,,,,
,,,"5,235",,8%,,,,,,,,,18 to 64 years,"65,490",,,,,,,,,,,,,,,,,,
,,,"1,825",,10%,,,,,,,,,65 years and over,"18,860",,,,,,,,,,,,,,,,,,
,Number,,Per cent,,Number,Per cent,,,,,,,,,,,,,,,,,,,,,,,,,,,
,,Employed labour force,,,,,,,,,,,,Employed labour force,,,,,,,,,,,,,,,,,,,
,"36,085",aged 15 years and over in,100%,,"454,175",100%,,,,,,,,aged 15 years and over in,,,,,,,,,,,,,,,,,,,
,,private households,,,,,,,,,,,,private households,,,,,,,,,,,,,,,,,,,
,"28,145","Driver – car, truck or van",78%,,"350,775",77%,,,,,,,,"Driver – car, truck or van",,,,,,,,,,,,,,,,,,,
,,"Passenger – car, truck or",,,,,,,,,,,,"Passenger – car, truck or",,,,,,,,,,,,,,,,,,,
,"2,080",,6%,,"27,315",6%,,,,,,,,,,,,,,,,,,,,,,,,,,,
,,van,,,,,,,,,,,,van,,,,,,,,,,,,,,,,,,,
,"2,915",Public transit,8%,,"39,900",9%,,,,,,,,Public transit,,,,,,,,,,,,,,,,,,,
,"1,680",Walked,5%,,"19,200",4%,,,,,,,,Walked,,,,,,,,,,,,,,,,,,,
,230,Bicycle,1%,,"3,955",1%,,,,,,,,Bicycle,,,,,,,,,,,,,,,,,,,
,"1,045",Other methods,3%,,"13,035",3%,,,,,,,,Other methods,,,,,,,,,,,,,,,,,,,
,Per cent,Number,Per cent,,,,,,,,,,,,,Number,,,,,,,,,,,,,,,,,
,,Population in private,,,,,,,,,,,,,,Population in private,,,,,,,,,,,,,,,,,
,100%,"1,291,790",100%,,,,,,,,,,,,,"86,450",,,,,,,,,,,,,,,,,
,,households,,,,,,,,,,,,,,households,,,,,,,,,,,,,,,,,
,18%,"0 to 14 years 235,540",18%,,,,,,,,,,,,,"0 to 14 years 15,970",,,,,,,,,,,,,,,,,
,67%,"15 to 64 years 888,985",69%,,,,,,,,,,,,,"15 to 64 years 57,870",,,,,,,,,,,,,,,,,
,14%,"65 to 84 years 152,425",12%,,,,,,,,,,,,,"65 to 84 years 11,800",,,,,,,,,,,,,,,,,
,1%,"85 years and over 14,845",1%,,,,,,,,,,,,,85 years and over 805,,,,,,,,,,,,,,,,,
,Number,,Number,,,,,,,,,,,,,,,,,,,,,,,,,,,,,,
,,Population aged 15 years and over,,,,,,,,,,,,,,Population aged 15 years and over,,,,,,,,,,,,,,,,,
,"70,480",,"1,056,255",,,,,,,,,,,,,,,,,,,,,,,,,,,,,,
,,in private households,,,,,,,,,,,,,,in private households,,,,,,,,,,,,,,,,,
,"48,645",In the labour force,"730,060",,,,,,,,,,,,,In the labour force,,,,,,,,,,,,,,,,,
,"43,075",Employed,"638,655",,,,,,,,,,,,,Employed,,,,,,,,,,,,,,,,,
,"7,685",Self-Employed,"108,765",,,,,,,,,,,,,Self-Employed,,,,,,,,,,,,,,,,,
,"5,570",Unemployed,"91,410",,,,,,,,,,,,,Unemployed,,,,,,,,,,,,,,,,,
,"21,830",Not in the labour force,"326,185",,,,,,,,,,,,,Not in the labour force,,,,,,,,,,,,,,,,,
,69%,Labour force participation rate,69%,,,,,,,,,,,,,Labour force participation rate,,,,,,,,,,,,,,,,,
,61%,Employment rate,61%,,,,,,,,,,,,,Employment rate,,,,,,,,,,,,,,,,,
,12%,Unemployment rate,13%,,,,,,,,,,,,,Unemployment rate,,,,,,,,,,,,,,,,,
,,,,,,,,,,,,,,,,,Number,,,,,,,,,,,,,,,,
,,,,,,,,,,,,,,,,Median income of populationaged 15 years and over,"$49,600",,,,,,,,,,,,,,,,
,,,,,,,,,,,,,,,,Men +,"$60,400",,,,,,,,,,,,,,,,
,,,,,,,,,,,,,,,,Women +,"$42,000",,,,,,,,,,,,,,,,
,,,,,,,,,,,,,,,,Median household income ofprivate households,"$115,000",,,,,,,,,,,,,,,,
,,,Number in lowincome,,Per cent in lowincome,,,,,,,,,,,,Number,,,,,,,,,,,,,,,,
,,,"5,125",,6%,,,,,,,,,,,Population in private households to whom low-income concepts are applicable,"86,445",,,,,,,,,,,,,,,,
,,,"1,510",,8%,,,,,,,,,,,0 to 17 years,"19,335",,,,,,,,,,,,,,,,
,,,"2,930",,5%,,,,,,,,,,,18 to 64 years,"54,500",,,,,,,,,,,,,,,,
,,,685,,5%,,,,,,,,,,,65 years and over,"12,605",,,,,,,,,,,,,,,,
,Number,,Per cent,,Number,Per cent,,,,,,,,,,,,,,,,,,,,,,,,,,,
,,Employed labour force,,,,,,,,,,,,,,Employed labour force,,,,,,,,,,,,,,,,,
,"30,400",aged 15 years and over in,100%,,"454,175",100%,,,,,,,,,,aged 15 years and over in,,,,,,,,,,,,,,,,,
,,private households,,,,,,,,,,,,,,private households,,,,,,,,,,,,,,,,,
,"25,845","Driver – car, truck or van",85%,,"350,775",77%,,,,,,,,,,"Driver – car, truck or van",,,,,,,,,,,,,,,,,
,,"Passenger – car, truck or",,,,,,,,,,,,,,"Passenger – car, truck or",,,,,,,,,,,,,,,,,
,"1,390",,5%,,"27,315",6%,,,,,,,,,,,,,,,,,,,,,,,,,,,
,,van,,,,,,,,,,,,,,van,,,,,,,,,,,,,,,,,
,"1,435",Public transit,5%,,"39,900",9%,,,,,,,,,,Public transit,,,,,,,,,,,,,,,,,
,705,Walked,2%,,"19,200",4%,,,,,,,,,,Walked,,,,,,,,,,,,,,,,,
,125,Bicycle,0%,,"3,955",1%,,,,,,,,,,Bicycle,,,,,,,,,,,,,,,,,
,905,Other methods,3%,,"13,035",3%,,,,,,,,,,Other methods,,,,,,,,,,,,,,,,,
,Per cent,Number,Per cent,,,,,,,,,,,,,,,Number,,,,,,,,,,,,,,,
,,Population in private,,,,,,,,,,,,,,,,Population in private,,,,,,,,,,,,,,,
,100%,"1,291,790",100%,,,,,,,,,,,,,,,"106,220",,,,,,,,,,,,,,,
,,households,,,,,,,,,,,,,,,,households,,,,,,,,,,,,,,,
,24%,"0 to 14 years 235,540",18%,,,,,,,,,,,,,,,"0 to 14 years 25,100",,,,,,,,,,,,,,,
,69%,"15 to 64 years 888,985",69%,,,,,,,,,,,,,,,"15 to 64 years 73,320",,,,,,,,,,,,,,,
,7%,"65 to 84 years 152,425",12%,,,,,,,,,,,,,,,"65 to 84 years 7,395",,,,,,,,,,,,,,,
,0%,"85 years and over 14,845",1%,,,,,,,,,,,,,,,85 years and over 405,,,,,,,,,,,,,,,
,Number,,Number,,,,,,,,,,,,,,,,,,,,,,,,,,,,,,
,,Population aged 15 years and over,,,,,,,,,,,,,,,,Population aged 15 years and over,,,,,,,,,,,,,,,
,"81,115",,"1,056,255",,,,,,,,,,,,,,,,,,,,,,,,,,,,,,
,,in private households,,,,,,,,,,,,,,,,in private households,,,,,,,,,,,,,,,
,"57,745",In the labour force,"730,060",,,,,,,,,,,,,,,In the labour force,,,,,,,,,,,,,,,
,"49,910",Employed,"638,655",,,,,,,,,,,,,,,Employed,,,,,,,,,,,,,,,
,"7,720",Self-Employed,"108,765",,,,,,,,,,,,,,,Self-Employed,,,,,,,,,,,,,,,
,"7,840",Unemployed,"91,410",,,,,,,,,,,,,,,Unemployed,,,,,,,,,,,,,,,
,"23,370",Not in the labour force,"326,185",,,,,,,,,,,,,,,Not in the labour force,,,,,,,,,,,,,,,
,71%,Labour force participation rate,69%,,,,,,,,,,,,,,,Labour force participation rate,,,,,,,,,,,,,,,
,62%,Employment rate,61%,,,,,,,,,,,,,,,Employment rate,,,,,,,,,,,,,,,
,14%,Unemployment rate,13%,,,,,,,,,,,,,,,Unemployment rate,,,,,,,,,,,,,,,
,,,,,,,,,,,,,,,,,,,Number,,,,,,,,,,,,,,
,,,,,,,,,,,,,,,,,,Median income of populationaged 15 years and over,"$36,000",,,,,,,,,,,,,,
,,,,,,,,,,,,,,,,,,Men +,"$39,600",,,,,,,,,,,,,,
,,,,,,,,,,,,,,,,,,Women +,"$34,000",,,,,,,,,,,,,,
,,,,,,,,,,,,,,,,,,Median household income ofprivate households,"$97,000",,,,,,,,,,,,,,
,,,Number in lowincome,,,Per cent in lowincome,,,,,,,,,,,,,Number,,,,,,,,,,,,,,
,,,"9,040",,,9%,,,,,,,,,,,,Population in private households to whom low-income concepts are applicable,"106,220",,,,,,,,,,,,,,
,,,"3,610",,,12%,,,,,,,,,,,,0 to 17 years,"29,165",,,,,,,,,,,,,,
,,,"4,765",,,7%,,,,,,,,,,,,18 to 64 years,"69,255",,,,,,,,,,,,,,
,,,660,,,8%,,,,,,,,,,,,65 years and over,"7,795",,,,,,,,,,,,,,
,Number,,Per cent,,Number,Per cent,,,,,,,,,,,,,,,,,,,,,,,,,,,
,,Employed labour force,,,,,,,,,,,,,,,,Employed labour force,,,,,,,,,,,,,,,
,"43,405",aged 15 years and over in,100%,,"454,175",100%,,,,,,,,,,,,aged 15 years and over in,,,,,,,,,,,,,,,
,,private households,,,,,,,,,,,,,,,,private households,,,,,,,,,,,,,,,
,"34,015","Driver – car, truck or van",78%,,"350,775",77%,,,,,,,,,,,,"Driver – car, truck or van",,,,,,,,,,,,,,,
,,"Passenger – car, truck or",,,,,,,,,,,,,,,,"Passenger – car, truck or",,,,,,,,,,,,,,,
,"3,290",,8%,,"27,315",6%,,,,,,,,,,,,,,,,,,,,,,,,,,,
,,van,,,,,,,,,,,,,,,,van,,,,,,,,,,,,,,,
,"4,840",Public transit,11%,,"39,900",9%,,,,,,,,,,,,Public transit,,,,,,,,,,,,,,,
,335,Walked,1%,,"19,200",4%,,,,,,,,,,,,Walked,,,,,,,,,,,,,,,
,45,Bicycle,0%,,"3,955",1%,,,,,,,,,,,,Bicycle,,,,,,,,,,,,,,,
,875,Other methods,2%,,"13,035",3%,,,,,,,,,,,,Other methods,,,,,,,,,,,,,,,
,Per cent,Number,Per cent,,,,,,,,,,,,,,,,,Number,,,,,,,,,,,,,
,,Population in private,,,,,,,,,,,,,,,,,,Population in private,,,,,,,,,,,,,
,100%,"1,291,790",100%,,,,,,,,,,,,,,,,,"94,935",,,,,,,,,,,,,
,,households,,,,,,,,,,,,,,,,,,households,,,,,,,,,,,,,
,21%,"0 to 14 years 235,540",18%,,,,,,,,,,,,,,,,,"0 to 14 years 19,600",,,,,,,,,,,,,
,68%,"15 to 64 years 888,985",69%,,,,,,,,,,,,,,,,,"15 to 64 years 64,640",,,,,,,,,,,,,
,10%,"65 to 84 years 152,425",12%,,,,,,,,,,,,,,,,,"65 to 84 years 9,860",,,,,,,,,,,,,
,1%,"85 years and over 14,845",1%,,,,,,,,,,,,,,,,,85 years and over 845,,,,,,,,,,,,,
,Number,,Number,,,,,,,,,,,,,,,,,,,,,,,,,,,,,,
,,Population aged 15 years and over,,,,,,,,,,,,,,,,,,Population aged 15 years and over,,,,,,,,,,,,,
,"75,335",,"1,056,255",,,,,,,,,,,,,,,,,,,,,,,,,,,,,,
,,in private households,,,,,,,,,,,,,,,,,,in private households,,,,,,,,,,,,,
,"53,015",In the labour force,"730,060",,,,,,,,,,,,,,,,,In the labour force,,,,,,,,,,,,,
,"46,760",Employed,"638,655",,,,,,,,,,,,,,,,,Employed,,,,,,,,,,,,,
,"7,535",Self-Employed,"108,765",,,,,,,,,,,,,,,,,Self-Employed,,,,,,,,,,,,,
,"6,255",Unemployed,"91,410",,,,,,,,,,,,,,,,,Unemployed,,,,,,,,,,,,,
,"22,325",Not in the labour force,"326,185",,,,,,,,,,,,,,,,,Not in the labour force,,,,,,,,,,,,,
,70%,Labour force participation rate,69%,,,,,,,,,,,,,,,,,Labour force participation rate,,,,,,,,,,,,,
,62%,Employment rate,61%,,,,,,,,,,,,,,,,,Employment rate,,,,,,,,,,,,,
,12%,Unemployment rate,13%,,,,,,,,,,,,,,,,,Unemployment rate,,,,,,,,,,,,,
,,,,,,,,,,,,,,,,,,,,,Number,,,,,,,,,,,,
,,,,,,,,,,,,,,,,,,,,Median income of populationaged 15 years and over,"$46,800",,,,,,,,,,,,
,,,,,,,,,,,,,,,,,,,,Men +,"$55,200",,,,,,,,,,,,
,,,,,,,,,,,,,,,,,,,,Women +,"$40,800",,,,,,,,,,,,
,,,,,,,,,,,,,,,,,,,,Median household income ofprivate households,"$116,000",,,,,,,,,,,,
,,,Number in lowincome,,,Per cent in lowincome,,,,,,,,,,,,,,,Number,,,,,,,,,,,,
,,,"6,620",,,7%,,,,,,,,,,,,,,Population in private households to whom low-income concepts are applicable,"94,935",,,,,,,,,,,,
,,,"1,950",,,8%,,,,,,,,,,,,,,0 to 17 years,"23,225",,,,,,,,,,,,
,,,"3,760",,,6%,,,,,,,,,,,,,,18 to 64 years,"61,010",,,,,,,,,,,,
,,,905,,,8%,,,,,,,,,,,,,,65 years and over,"10,700",,,,,,,,,,,,
,Number,,Per cent,,Number,Per cent,,,,,,,,,,,,,,,,,,,,,,,,,,,
,,Employed labour force,,,,,,,,,,,,,,,,,,Employed labour force,,,,,,,,,,,,,
,"31,915",aged 15 years and over in,100%,,"454,175",100%,,,,,,,,,,,,,,aged 15 years and over in,,,,,,,,,,,,,
,,private households,,,,,,,,,,,,,,,,,,private households,,,,,,,,,,,,,
,"26,405","Driver – car, truck or van",83%,,"350,775",77%,,,,,,,,,,,,,,"Driver – car, truck or van",,,,,,,,,,,,,
,,"Passenger – car, truck or",,,,,,,,,,,,,,,,,,"Passenger – car, truck or",,,,,,,,,,,,,
,"1,790",,6%,,"27,315",6%,,,,,,,,,,,,,,,,,,,,,,,,,,,
,,van,,,,,,,,,,,,,,,,,,van,,,,,,,,,,,,,
,"1,895",Public transit,6%,,"39,900",9%,,,,,,,,,,,,,,Public transit,,,,,,,,,,,,,
,715,Walked,2%,,"19,200",4%,,,,,,,,,,,,,,Walked,,,,,,,,,,,,,
,65,Bicycle,0%,,"3,955",1%,,,,,,,,,,,,,,Bicycle,,,,,,,,,,,,,
,"1,045",Other methods,3%,,"13,035",3%,,,,,,,,,,,,,,Other methods,,,,,,,,,,,,,
,Per cent,Number,Per cent,,,,,,,,,,,,,,,,,,,Number,,,,,,,,,,,
,,Population in private,,,,,,,,,,,,,,,,,,,,Population in private,,,,,,,,,,,
,100%,"1,291,790",100%,,,,,,,,,,,,,,,,,,,"91,535",,,,,,,,,,,
,,households,,,,,,,,,,,,,,,,,,,,households,,,,,,,,,,,
,18%,"0 to 14 years 235,540",18%,,,,,,,,,,,,,,,,,,,"0 to 14 years 16,830",,,,,,,,,,,
,68%,"15 to 64 years 888,985",69%,,,,,,,,,,,,,,,,,,,"15 to 64 years 62,185",,,,,,,,,,,
,13%,"65 to 84 years 152,425",12%,,,,,,,,,,,,,,,,,,,"65 to 84 years 11,635",,,,,,,,,,,
,1%,"85 years and over 14,845",1%,,,,,,,,,,,,,,,,,,,85 years and over 890,,,,,,,,,,,
,Number,,Number,,,,,,,,,,,,,,,,,,,,,,,,,,,,,,
,,Population aged 15 years and over,,,,,,,,,,,,,,,,,,,,Population aged 15 years and over,,,,,,,,,,,
,"74,705",,"1,056,255",,,,,,,,,,,,,,,,,,,,,,,,,,,,,,
,,in private households,,,,,,,,,,,,,,,,,,,,in private households,,,,,,,,,,,
,"51,390",In the labour force,"730,060",,,,,,,,,,,,,,,,,,,In the labour force,,,,,,,,,,,
,"45,015",Employed,"638,655",,,,,,,,,,,,,,,,,,,Employed,,,,,,,,,,,
,"7,255",Self-Employed,"108,765",,,,,,,,,,,,,,,,,,,Self-Employed,,,,,,,,,,,
,"6,380",Unemployed,"91,410",,,,,,,,,,,,,,,,,,,Unemployed,,,,,,,,,,,
,"23,310",Not in the labour force,"326,185",,,,,,,,,,,,,,,,,,,Not in the labour force,,,,,,,,,,,
,69%,Labour force participation rate,69%,,,,,,,,,,,,,,,,,,,Labour force participation rate,,,,,,,,,,,
,60%,Employment rate,61%,,,,,,,,,,,,,,,,,,,Employment rate,,,,,,,,,,,
,12%,Unemployment rate,13%,,,,,,,,,,,,,,,,,,,Unemployment rate,,,,,,,,,,,
,,,,,,,,,,,,,,,,,,,,,,,Number,,,,,,,,,,
,,,,,,,,,,,,,,,,,,,,,,Median income of populationaged 15 years and over,"$45,600",,,,,,,,,,
,,,,,,,,,,,,,,,,,,,,,,Men +,"$53,600",,,,,,,,,,
,,,,,,,,,,,,,,,,,,,,,,Women +,"$39,600",,,,,,,,,,
,,,,,,,,,,,,,,,,,,,,,,Median household income ofprivate households,"$108,000",,,,,,,,,,
,,,Number in lowincome,,Per cent in lowincome,,,,,,,,,,,,,,,,,,Number,,,,,,,,,,
,,,"6,055",,7%,,,,,,,,,,,,,,,,,Population in private households to whom low-income concepts are applicable,"91,530",,,,,,,,,,
,,,"1,840",,9%,,,,,,,,,,,,,,,,,0 to 17 years,"20,255",,,,,,,,,,
,,,"3,335",,6%,,,,,,,,,,,,,,,,,18 to 64 years,"58,760",,,,,,,,,,
,,,880,,7%,,,,,,,,,,,,,,,,,65 years and over,"12,515",,,,,,,,,,
,Number,,Per cent,,Number,Per cent,,,,,,,,,,,,,,,,,,,,,,,,,,,
,,Employed labour force,,,,,,,,,,,,,,,,,,,,Employed labour force,,,,,,,,,,,
,"32,625",aged 15 years and over in,100%,,"454,175",100%,,,,,,,,,,,,,,,,aged 15 years and over in,,,,,,,,,,,
,,private households,,,,,,,,,,,,,,,,,,,,private households,,,,,,,,,,,
,"25,350","Driver – car, truck or van",78%,,"350,775",77%,,,,,,,,,,,,,,,,"Driver – car, truck or van",,,,,,,,,,,
,,"Passenger – car, truck or",,,,,,,,,,,,,,,,,,,,"Passenger – car, truck or",,,,,,,,,,,
,"2,380",,7%,,"27,315",6%,,,,,,,,,,,,,,,,,,,,,,,,,,,
,,van,,,,,,,,,,,,,,,,,,,,van,,,,,,,,,,,
,"3,210",Public transit,10%,,"39,900",9%,,,,,,,,,,,,,,,,Public transit,,,,,,,,,,,
,680,Walked,2%,,"19,200",4%,,,,,,,,,,,,,,,,Walked,,,,,,,,,,,
,75,Bicycle,0%,,"3,955",1%,,,,,,,,,,,,,,,,Bicycle,,,,,,,,,,,
,925,Other methods,3%,,"13,035",3%,,,,,,,,,,,,,,,,Other methods,,,,,,,,,,,
,Per cent,Number,Per cent,,,,,,,,,,,,,,,,,,,,,Number,,,,,,,,,
,,Population in private,,,,,,,,,,,,,,,,,,,,,,Population in private,,,,,,,,,
,100%,"1,291,790",100%,,,,,,,,,,,,,,,,,,,,,"77,660",,,,,,,,,
,,households,,,,,,,,,,,,,,,,,,,,,,households,,,,,,,,,
,13%,"0 to 14 years 235,540",18%,,,,,,,,,,,,,,,,,,,,,"0 to 14 years 10,345",,,,,,,,,
,73%,"15 to 64 years 888,985",69%,,,,,,,,,,,,,,,,,,,,,"15 to 64 years 56,910",,,,,,,,,
,12%,"65 to 84 years 152,425",12%,,,,,,,,,,,,,,,,,,,,,"65 to 84 years 9,345",,,,,,,,,
,1%,"85 years and over 14,845",1%,,,,,,,,,,,,,,,,,,,,,"85 years and over 1,055",,,,,,,,,
,Number,,Number,,,,,,,,,,,,,,,,,,,,,,,,,,,,,,
,,Population aged 15 years and over,,,,,,,,,,,,,,,,,,,,,,Population aged 15 years and over,,,,,,,,,
,"67,315",,"1,056,255",,,,,,,,,,,,,,,,,,,,,,,,,,,,,,
,,in private households,,,,,,,,,,,,,,,,,,,,,,in private households,,,,,,,,,
,"48,305",In the labour force,"730,060",,,,,,,,,,,,,,,,,,,,,In the labour force,,,,,,,,,
,"42,505",Employed,"638,655",,,,,,,,,,,,,,,,,,,,,Employed,,,,,,,,,
,"7,490",Self-Employed,"108,765",,,,,,,,,,,,,,,,,,,,,Self-Employed,,,,,,,,,
,"5,800",Unemployed,"91,410",,,,,,,,,,,,,,,,,,,,,Unemployed,,,,,,,,,
,"19,005",Not in the labour force,"326,185",,,,,,,,,,,,,,,,,,,,,Not in the labour force,,,,,,,,,
,72%,Labour force participation rate,69%,,,,,,,,,,,,,,,,,,,,,Labour force participation rate,,,,,,,,,
,63%,Employment rate,61%,,,,,,,,,,,,,,,,,,,,,Employment rate,,,,,,,,,
,12%,Unemployment rate,13%,,,,,,,,,,,,,,,,,,,,,Unemployment rate,,,,,,,,,
,,,,,,,,,,,,,,,,,,,,,,,,,Number,,,,,,,,
,,,,,,,,,,,,,,,,,,,,,,,,Median income of populationaged 15 years and over,"$46,400",,,,,,,,
,,,,,,,,,,,,,,,,,,,,,,,,Men +,"$52,000",,,,,,,,
,,,,,,,,,,,,,,,,,,,,,,,,Women +,"$42,000",,,,,,,,
,,,,,,,,,,,,,,,,,,,,,,,,Median household income ofprivate households,"$79,500",,,,,,,,
,,,Number in lowincome,,,Per cent in lowincome,,,,,,,,,,,,,,,,,,,Number,,,,,,,,
,,,"10,855",,,14%,,,,,,,,,,,,,,,,,,Population in private households to whom low-income concepts are applicable,"77,660",,,,,,,,
,,,"1,410",,,12%,,,,,,,,,,,,,,,,,,0 to 17 years,"11,805",,,,,,,,
,,,"7,145",,,13%,,,,,,,,,,,,,,,,,,18 to 64 years,"55,455",,,,,,,,
,,,"2,295",,,22%,,,,,,,,,,,,,,,,,,65 years and over,"10,405",,,,,,,,
,Number,,Per cent,,Number,Per cent,,,,,,,,,,,,,,,,,,,,,,,,,,,
,,Employed labour force,,,,,,,,,,,,,,,,,,,,,,Employed labour force,,,,,,,,,
,"25,680",aged 15 years and over in,100%,,"454,175",100%,,,,,,,,,,,,,,,,,,aged 15 years and over in,,,,,,,,,
,,private households,,,,,,,,,,,,,,,,,,,,,,private households,,,,,,,,,
,"15,160","Driver – car, truck or van",59%,,"350,775",77%,,,,,,,,,,,,,,,,,,"Driver – car, truck or van",,,,,,,,,
,,"Passenger – car, truck or",,,,,,,,,,,,,,,,,,,,,,"Passenger – car, truck or",,,,,,,,,
,"1,150",,4%,,"27,315",6%,,,,,,,,,,,,,,,,,,,,,,,,,,,
,,van,,,,,,,,,,,,,,,,,,,,,,van,,,,,,,,,
,"3,915",Public transit,15%,,"39,900",9%,,,,,,,,,,,,,,,,,,Public transit,,,,,,,,,
,"4,000",Walked,16%,,"19,200",4%,,,,,,,,,,,,,,,,,,Walked,,,,,,,,,
,685,Bicycle,3%,,"3,955",1%,,,,,,,,,,,,,,,,,,Bicycle,,,,,,,,,
,770,Other methods,3%,,"13,035",3%,,,,,,,,,,,,,,,,,,Other methods,,,,,,,,,
,Per cent,Number,Per cent,,,,,,,,,,,,,,,,,,,,,,,Number,,,,,,,
,,Population in private,,,,,,,,,,,,,,,,,,,,,,,,Population in private,,,,,,,
,100%,"1,291,790",100%,,,,,,,,,,,,,,,,,,,,,,,"88,825",,,,,,,
,,households,,,,,,,,,,,,,,,,,,,,,,,,households,,,,,,,
,16%,"0 to 14 years 235,540",18%,,,,,,,,,,,,,,,,,,,,,,,"0 to 14 years 14,405",,,,,,,
,67%,"15 to 64 years 888,985",69%,,,,,,,,,,,,,,,,,,,,,,,"15 to 64 years 59,075",,,,,,,
,15%,"65 to 84 years 152,425",12%,,,,,,,,,,,,,,,,,,,,,,,"65 to 84 years 13,485",,,,,,,
,2%,"85 years and over 14,845",1%,,,,,,,,,,,,,,,,,,,,,,,"85 years and over 1,855",,,,,,,
,Number,,Number,,,,,,,,,,,,,,,,,,,,,,,,,,,,,,
,,Population aged 15 years and over,,,,,,,,,,,,,,,,,,,,,,,,Population aged 15 years and over,,,,,,,
,"74,415",,"1,056,255",,,,,,,,,,,,,,,,,,,,,,,,,,,,,,
,,in private households,,,,,,,,,,,,,,,,,,,,,,,,in private households,,,,,,,
,"47,075",In the labour force,"730,060",,,,,,,,,,,,,,,,,,,,,,,In the labour force,,,,,,,
,"40,475",Employed,"638,655",,,,,,,,,,,,,,,,,,,,,,,Employed,,,,,,,
,"7,290",Self-Employed,"108,765",,,,,,,,,,,,,,,,,,,,,,,Self-Employed,,,,,,,
,"6,590",Unemployed,"91,410",,,,,,,,,,,,,,,,,,,,,,,Unemployed,,,,,,,
,"27,340",Not in the labour force,"326,185",,,,,,,,,,,,,,,,,,,,,,,Not in the labour force,,,,,,,
,63%,Labour force participation rate,69%,,,,,,,,,,,,,,,,,,,,,,,Labour force participation rate,,,,,,,
,54%,Employment rate,61%,,,,,,,,,,,,,,,,,,,,,,,Employment rate,,,,,,,
,14%,Unemployment rate,13%,,,,,,,,,,,,,,,,,,,,,,,Unemployment rate,,,,,,,
,,,,,,,,,,,,,,,,,,,,,,,,,,,Number,,,,,,
,,,,,,,,,,,,,,,,,,,,,,,,,,Median income of populationaged 15 years and over,"$41,600",,,,,,
,,,,,,,,,,,,,,,,,,,,,,,,,,Men +,"$46,000",,,,,,
,,,,,,,,,,,,,,,,,,,,,,,,,,Women +,"$38,000",,,,,,
,,,,,,,,,,,,,,,,,,,,,,,,,,Median household income ofprivate households,"$88,000",,,,,,
,,,Number in lowincome,,,Per cent in lowincome,,,,,,,,,,,,,,,,,,,,,Number,,,,,,
,,,"9,945",,,11%,,,,,,,,,,,,,,,,,,,,Population in private households to whom low-income concepts are applicable,"88,820",,,,,,
,,,"2,680",,,16%,,,,,,,,,,,,,,,,,,,,0 to 17 years,"17,250",,,,,,
,,,"5,760",,,10%,,,,,,,,,,,,,,,,,,,,18 to 64 years,"56,235",,,,,,
,,,"1,510",,,10%,,,,,,,,,,,,,,,,,,,,65 years and over,"15,335",,,,,,
,Number,,Per cent,,Number,Per cent,,,,,,,,,,,,,,,,,,,,,,,,,,,
,,Employed labour force,,,,,,,,,,,,,,,,,,,,,,,,Employed labour force,,,,,,,
,"28,465",aged 15 years and over in,100%,,"454,175",100%,,,,,,,,,,,,,,,,,,,,aged 15 years and over in,,,,,,,
,,private households,,,,,,,,,,,,,,,,,,,,,,,,private households,,,,,,,
,"21,405","Driver – car, truck or van",75%,,"350,775",77%,,,,,,,,,,,,,,,,,,,,"Driver – car, truck or van",,,,,,,
,,"Passenger – car, truck or",,,,,,,,,,,,,,,,,,,,,,,,"Passenger – car, truck or",,,,,,,
,"1,780",,6%,,"27,315",6%,,,,,,,,,,,,,,,,,,,,,,,,,,,
,,van,,,,,,,,,,,,,,,,,,,,,,,,van,,,,,,,
,"3,065",Public transit,11%,,"39,900",9%,,,,,,,,,,,,,,,,,,,,Public transit,,,,,,,
,"1,045",Walked,4%,,"19,200",4%,,,,,,,,,,,,,,,,,,,,Walked,,,,,,,
,390,Bicycle,1%,,"3,955",1%,,,,,,,,,,,,,,,,,,,,Bicycle,,,,,,,
,780,Other methods,3%,,"13,035",3%,,,,,,,,,,,,,,,,,,,,Other methods,,,,,,,
,Per cent,Number,Per cent,,,,,,,,,,,,,,,,,,,,,,,,,Number,,,,,
,,Population in private,,,,,,,,,,,,,,,,,,,,,,,,,,Population in private,,,,,
,100%,"1,291,790",100%,,,,,,,,,,,,,,,,,,,,,,,,,"89,485",,,,,
,,households,,,,,,,,,,,,,,,,,,,,,,,,,,households,,,,,
,19%,"0 to 14 years 235,540",18%,,,,,,,,,,,,,,,,,,,,,,,,,"0 to 14 years 16,685",,,,,
,66%,"15 to 64 years 888,985",69%,,,,,,,,,,,,,,,,,,,,,,,,,"15 to 64 years 59,405",,,,,
,14%,"65 to 84 years 152,425",12%,,,,,,,,,,,,,,,,,,,,,,,,,"65 to 84 years 12,450",,,,,
,1%,"85 years and over 14,845",1%,,,,,,,,,,,,,,,,,,,,,,,,,85 years and over 940,,,,,
,Number,,Number,,,,,,,,,,,,,,,,,,,,,,,,,,,,,,
,,Population aged 15 years and over,,,,,,,,,,,,,,,,,,,,,,,,,,Population aged 15 years and over,,,,,
,"72,800",,"1,056,255",,,,,,,,,,,,,,,,,,,,,,,,,,,,,,
,,in private households,,,,,,,,,,,,,,,,,,,,,,,,,,in private households,,,,,
,"45,315",In the labour force,"730,060",,,,,,,,,,,,,,,,,,,,,,,,,In the labour force,,,,,
,"38,255",Employed,"638,655",,,,,,,,,,,,,,,,,,,,,,,,,Employed,,,,,
,"5,825",Self-Employed,"108,765",,,,,,,,,,,,,,,,,,,,,,,,,Self-Employed,,,,,
,"7,065",Unemployed,"91,410",,,,,,,,,,,,,,,,,,,,,,,,,Unemployed,,,,,
,"27,490",Not in the labour force,"326,185",,,,,,,,,,,,,,,,,,,,,,,,,Not in the labour force,,,,,
,62%,Labour force participation rate,69%,,,,,,,,,,,,,,,,,,,,,,,,,Labour force participation rate,,,,,
,53%,Employment rate,61%,,,,,,,,,,,,,,,,,,,,,,,,,Employment rate,,,,,
,16%,Unemployment rate,13%,,,,,,,,,,,,,,,,,,,,,,,,,Unemployment rate,,,,,
,,,,,,,,,,,,,,,,,,,,,,,,,,,,,Number,,,,
,,,,,,,,,,,,,,,,,,,,,,,,,,,,Median income of populationaged 15 years and over,"$35,600",,,,
,,,,,,,,,,,,,,,,,,,,,,,,,,,,Men +,"$39,200",,,,
,,,,,,,,,,,,,,,,,,,,,,,,,,,,Women +,"$32,800",,,,
,,,,,,,,,,,,,,,,,,,,,,,,,,,,Median household income ofprivate households,"$85,000",,,,
,,,Number in lowincome,,Per cent in lowincome,,,,,,,,,,,,,,,,,,,,,,,,Number,,,,
,,,"9,945",,11%,,,,,,,,,,,,,,,,,,,,,,,Population in private households to whom low-income concepts are applicable,"89,490",,,,
,,,"3,410",,17%,,,,,,,,,,,,,,,,,,,,,,,0 to 17 years,"19,960",,,,
,,,"5,125",,9%,,,,,,,,,,,,,,,,,,,,,,,18 to 64 years,"56,130",,,,
,,,"1,405",,10%,,,,,,,,,,,,,,,,,,,,,,,65 years and over,"13,395",,,,
,Number,,Per cent,,Number,Per cent,,,,,,,,,,,,,,,,,,,,,,,,,,,
,,Employed labour force,,,,,,,,,,,,,,,,,,,,,,,,,,Employed labour force,,,,,
,"33,280",aged 15 years and over in,100%,,"454,175",100%,,,,,,,,,,,,,,,,,,,,,,aged 15 years and over in,,,,,
,,private households,,,,,,,,,,,,,,,,,,,,,,,,,,private households,,,,,
,"25,445","Driver – car, truck or van",76%,,"350,775",77%,,,,,,,,,,,,,,,,,,,,,,"Driver – car, truck or van",,,,,
,,"Passenger – car, truck or",,,,,,,,,,,,,,,,,,,,,,,,,,"Passenger – car, truck or",,,,,
,"2,840",,9%,,"27,315",6%,,,,,,,,,,,,,,,,,,,,,,,,,,,
,,van,,,,,,,,,,,,,,,,,,,,,,,,,,van,,,,,
,"3,490",Public transit,10%,,"39,900",9%,,,,,,,,,,,,,,,,,,,,,,Public transit,,,,,
,645,Walked,2%,,"19,200",4%,,,,,,,,,,,,,,,,,,,,,,Walked,,,,,
,75,Bicycle,0%,,"3,955",1%,,,,,,,,,,,,,,,,,,,,,,Bicycle,,,,,
,780,Other methods,2%,,"13,035",3%,,,,,,,,,,,,,,,,,,,,,,Other methods,,,,,
,Per cent,Number,Per cent,,,,,,,,,,,,,,,,,,,,,,,,,,,Number,,,
,,Population in private,,,,,,,,,,,,,,,,,,,,,,,,,,,,Population in private,,,
,100%,"1,291,790",100%,,,,,,,,,,,,,,,,,,,,,,,,,,,"95,800",,,
,,households,,,,,,,,,,,,,,,,,,,,,,,,,,,,households,,,
,12%,"0 to 14 years 235,540",18%,,,,,,,,,,,,,,,,,,,,,,,,,,,"0 to 14 years 11,275",,,
,78%,"15 to 64 years 888,985",69%,,,,,,,,,,,,,,,,,,,,,,,,,,,"15 to 64 years 74,370",,,
,10%,"65 to 84 years 152,425",12%,,,,,,,,,,,,,,,,,,,,,,,,,,,"65 to 84 years 9,210",,,
,1%,"85 years and over 14,845",1%,,,,,,,,,,,,,,,,,,,,,,,,,,,85 years and over 935,,,
,Number,,Number,,,,,,,,,,,,,,,,,,,,,,,,,,,,,,
,,Population aged 15 years and over,,,,,,,,,,,,,,,,,,,,,,,,,,,,Population aged 15 years and over,,,
,"84,525",,"1,056,255",,,,,,,,,,,,,,,,,,,,,,,,,,,,,,
,,in private households,,,,,,,,,,,,,,,,,,,,,,,,,,,,in private households,,,
,"64,630",In the labour force,"730,060",,,,,,,,,,,,,,,,,,,,,,,,,,,In the labour force,,,
,"57,110",Employed,"638,655",,,,,,,,,,,,,,,,,,,,,,,,,,,Employed,,,
,"10,605",Self-Employed,"108,765",,,,,,,,,,,,,,,,,,,,,,,,,,,Self-Employed,,,
,"7,520",Unemployed,"91,410",,,,,,,,,,,,,,,,,,,,,,,,,,,Unemployed,,,
,"19,890",Not in the labour force,"326,185",,,,,,,,,,,,,,,,,,,,,,,,,,,Not in the labour force,,,
,77%,Labour force participation rate,69%,,,,,,,,,,,,,,,,,,,,,,,,,,,Labour force participation rate,,,
,68%,Employment rate,61%,,,,,,,,,,,,,,,,,,,,,,,,,,,Employment rate,,,
,12%,Unemployment rate,13%,,,,,,,,,,,,,,,,,,,,,,,,,,,Unemployment rate,,,
,,,,,,,,,,,,,,,,,,,,,,,,,,,,,,,Number,,
,,,,,,,,,,,,,,,,,,,,,,,,,,,,,,Median income of populationaged 15 years and over,"$50,400",,
,,,,,,,,,,,,,,,,,,,,,,,,,,,,,,Men +,"$56,400",,
,,,,,,,,,,,,,,,,,,,,,,,,,,,,,,Women +,"$46,000",,
,,,,,,,,,,,,,,,,,,,,,,,,,,,,,,Median household income ofprivate households,"$80,000",,
,,,Number in lowincome,,,Per cent in lowincome,,,,,,,,,,,,,,,,,,,,,,,,,Number,,
,,,"11,860",,,12%,,,,,,,,,,,,,,,,,,,,,,,,Population in private households to whom low-income concepts are applicable,"95,795",,
,,,"1,790",,,13%,,,,,,,,,,,,,,,,,,,,,,,,0 to 17 years,"13,375",,
,,,"8,320",,,12%,,,,,,,,,,,,,,,,,,,,,,,,18 to 64 years,"72,260",,
,,,"1,755",,,17%,,,,,,,,,,,,,,,,,,,,,,,,65 years and over,"10,155",,
,Number,,Per cent,,Number,Per cent,,,,,,,,,,,,,,,,,,,,,,,,,,,
,,Employed labour force,,,,,,,,,,,,,,,,,,,,,,,,,,,,Employed labour force,,,
,"34,795",aged 15 years and over in,100%,,"454,175",100%,,,,,,,,,,,,,,,,,,,,,,,,aged 15 years and over in,,,
,,private households,,,,,,,,,,,,,,,,,,,,,,,,,,,,private households,,,
,"22,405","Driver – car, truck or van",64%,,"350,775",77%,,,,,,,,,,,,,,,,,,,,,,,,"Driver – car, truck or van",,,
,,"Passenger – car, truck or",,,,,,,,,,,,,,,,,,,,,,,,,,,,"Passenger – car, truck or",,,
,"1,555",,4%,,"27,315",6%,,,,,,,,,,,,,,,,,,,,,,,,,,,
,,van,,,,,,,,,,,,,,,,,,,,,,,,,,,,van,,,
,"3,895",Public transit,11%,,"39,900",9%,,,,,,,,,,,,,,,,,,,,,,,,Public transit,,,
,"4,895",Walked,14%,,"19,200",4%,,,,,,,,,,,,,,,,,,,,,,,,Walked,,,
,885,Bicycle,3%,,"3,955",1%,,,,,,,,,,,,,,,,,,,,,,,,Bicycle,,,
,"1,165",Other methods,3%,,"13,035",3%,,,,,,,,,,,,,,,,,,,,,,,,Other methods,,,
,Per cent,Number,Per cent,,,,,,,,,,,,,,,,,,,,,,,,,,,,,Number,
,,Population in private,,,,,,,,,,,,,,,,,,,,,,,,,,,,,,Population in private,
,100%,"1,291,790",100%,,,,,,,,,,,,,,,,,,,,,,,,,,,,,"87,780",
,,households,,,,,,,,,,,,,,,,,,,,,,,,,,,,,,households,
,18%,"0 to 14 years 235,540",18%,,,,,,,,,,,,,,,,,,,,,,,,,,,,,"0 to 14 years 15,635",
,67%,"15 to 64 years 888,985",69%,,,,,,,,,,,,,,,,,,,,,,,,,,,,,"15 to 64 years 58,390",
,14%,"65 to 84 years 152,425",12%,,,,,,,,,,,,,,,,,,,,,,,,,,,,,"65 to 84 years 12,430",
,2%,"85 years and over 14,845",1%,,,,,,,,,,,,,,,,,,,,,,,,,,,,,"85 years and over 1,325",
,Number,,Number,,,,,,,,,,,,,,,,,,,,,,,,,,,,,,
,,Population aged 15 years and over,,,,,,,,,,,,,,,,,,,,,,,,,,,,,,Population aged 15 years and over,
,"72,145",,"1,056,255",,,,,,,,,,,,,,,,,,,,,,,,,,,,,,
,,in private households,,,,,,,,,,,,,,,,,,,,,,,,,,,,,,in private households,
,"47,710",In the labour force,"730,060",,,,,,,,,,,,,,,,,,,,,,,,,,,,,In the labour force,
,"42,090",Employed,"638,655",,,,,,,,,,,,,,,,,,,,,,,,,,,,,Employed,
,"7,410",Self-Employed,"108,765",,,,,,,,,,,,,,,,,,,,,,,,,,,,,Self-Employed,
,"5,625",Unemployed,"91,410",,,,,,,,,,,,,,,,,,,,,,,,,,,,,Unemployed,
,"24,440",Not in the labour force,"326,185",,,,,,,,,,,,,,,,,,,,,,,,,,,,,Not in the labour force,
,66%,Labour force participation rate,69%,,,,,,,,,,,,,,,,,,,,,,,,,,,,,Labour force participation rate,
,58%,Employment rate,61%,,,,,,,,,,,,,,,,,,,,,,,,,,,,,Employment rate,
,12%,Unemployment rate,13%,,,,,,,,,,,,,,,,,,,,,,,,,,,,,Unemployment rate,
,,,,,,,,,,,,,,,,,,,,,,,,,,,,,,,,,Number
,,,,,,,,,,,,,,,,,,,,,,,,,,,,,,,,Median income of populationaged 15 years and over,"$48,400"
,,,,,,,,,,,,,,,,,,,,,,,,,,,,,,,,Men +,"$58,800"
,,,,,,,,,,,,,,,,,,,,,,,,,,,,,,,,Women +,"$41,200"
,,,,,,,,,,,,,,,,,,,,,,,,,,,,,,,,Median household income ofprivate households,"$111,000"
,,,Number in lowincome,,,Per cent in lowincome,,,,,,,,,,,,,,,,,,,,,,,,,,,Number
,,,"6,875",,,8%,,,,,,,,,,,,,,,,,,,,,,,,,,Population in private households to whom low-income concepts are applicable,"87,780"
,,,"1,625",,,8%,,,,,,,,,,,,,,,,,,,,,,,,,,0 to 17 years,"19,210"
,,,"4,115",,,8%,,,,,,,,,,,,,,,,,,,,,,,,,,18 to 64 years,"54,810"
,,,"1,135",,,8%,,,,,,,,,,,,,,,,,,,,,,,,,,65 years and over,"13,755"
,Number,,Per cent,,Number,Per cent,,,,,,,,,,,,,,,,,,,,,,,,,,,
,,Employed labour force,,,,,,,,,,,,,,,,,,,,,,,,,,,,,,Employed labour force,
,"27,200",aged 15 years and over in,100%,,"454,175",100%,,,,,,,,,,,,,,,,,,,,,,,,,,aged 15 years and over in,
,,private households,,,,,,,,,,,,,,,,,,,,,,,,,,,,,,private households,
,"21,720","Driver – car, truck or van",80%,,"350,775",77%,,,,,,,,,,,,,,,,,,,,,,,,,,"Driver – car, truck or van",
,,"Passenger – car, truck or",,,,,,,,,,,,,,,,,,,,,,,,,,,,,,"Passenger – car, truck or",
,"1,330",,5%,,"27,315",6%,,,,,,,,,,,,,,,,,,,,,,,,,,,
,,van,,,,,,,,,,,,,,,,,,,,,,,,,,,,,,van,
,"1,905",Public transit,7%,,"39,900",9%,,,,,,,,,,,,,,,,,,,,,,,,,,Public transit,
,920,Walked,3%,,"19,200",4%,,,,,,,,,,,,,,,,,,,,,,,,,,Walked,
,305,Bicycle,1%,,"3,955",1%,,,,,,,,,,,,,,,,,,,,,,,,,,Bicycle,
,"1,020",Other methods,4%,,"13,035",3%,,,,,,,,,,,,,,,,,,,,,,,,,,Other methods,
,Per cent,,,Number,,,,,,,,,,,,,,,,,,,,,,,,,,,,,
Population in privatehouseholds,100%,,,"98,175",,,,,,,,,,,,,,,,,,,,,,,,,,,,,
0 to 14 years,19%,,,"18,750",,,,,,,,,,,,,,,,,,,,,,,,,,,,,
15 to 64 years,67%,,,"65,395",,,,,,,,,,,,,,,,,,,,,,,,,,,,,
65 to 84 years,13%,,,"12,675",,,,,,,,,,,,,,,,,,,,,,,,,,,,,
85 years and over,1%,,,"1,360",,,,,,,,,,,,,,,,,,,,,,,,,,,,,
,,,,Number,,,,,,,,,,,,,,,,,,,,,,,,,,,,,
Median income of populationaged 15 years and over,,,,"$49,600",,,,,,,,,,,,,,,,,,,,,,,,,,,,,
Men +,,,,"$60,000",,,,,,,,,,,,,,,,,,,,,,,,,,,,,
Women +,,,,"$42,800",,,,,,,,,,,,,,,,,,,,,,,,,,,,,
Median household income ofprivate households,,,,"$116,000",,,,,,,,,,,,,,,,,,,,,,,,,,,,,
,,,Number in lowincome,Number,,Per cent in lowincome,,,,,,,,,,,,,,,,,,,,,,,,,,,
Population in private households to whom low-income concepts are applicable,,,"8,360","98,170",,9%,,,,,,,,,,,,,,,,,,,,,,,,,,,
0 to 17 years,,,"2,255","23,095",,10%,,,,,,,,,,,,,,,,,,,,,,,,,,,
18 to 64 years,,,"4,825","61,045",,8%,,,,,,,,,,,,,,,,,,,,,,,,,,,
65 years and over,,,"1,285","14,030",,9%,,,,,,,,,,,,,,,,,,,,,,,,,,,
,,,Per cent,Number,,,,,,,,,,,,,,,,,,,,,,,,,,,,,
Employed labour forceaged 15 years and over inprivate households,,,100%,"28,720",,,,,,,,,,,,,,,,,,,,,,,,,,,,,
"Driver – car, truck or van",,,79%,"22,760",,,,,,,,,,,,,,,,,,,,,,,,,,,,,
"Passenger – car, truck orvan",,,5%,"1,395",,,,,,,,,,,,,,,,,,,,,,,,,,,,,
Public transit,,,8%,"2,270",,,,,,,,,,,,,,,,,,,,,,,,,,,,,
Walked,,,3%,900,,,,,,,,,,,,,,,,,,,,,,,,,,,,,
Bicycle,,,1%,345,,,,,,,,,,,,,,,,,,,,,,,,,,,,,
Other methods,,,4%,"1,060",,,,,,,,,,,,,,,,,,,,,,,,,,,,,
,Per cent,,,,,,,,Number,,,,,,,,,,,,,,,,,,,,,,,,
,100%,,,,,,,Population in privatehouseholds,"101,455",,,,,,,,,,,,,,,,,,,,,,,,
,25%,,,,,,,0 to 14 years,"25,365",,,,,,,,,,,,,,,,,,,,,,,,
,68%,,,,,,,15 to 64 years,"69,055",,,,,,,,,,,,,,,,,,,,,,,,
,7%,,,,,,,65 to 84 years,"6,630",,,,,,,,,,,,,,,,,,,,,,,,
,0%,,,,,,,85 years and over,405,,,,,,,,,,,,,,,,,,,,,,,,
,,,,,,,,,Number,,,,,,,,,,,,,,,,,,,,,,,,
,,,,,,,,Median income of populationaged 15 years and over,"$55,200",,,,,,,,,,,,,,,,,,,,,,,,
,,,,,,,,Men +,"$67,000",,,,,,,,,,,,,,,,,,,,,,,,
,,,,,,,,Women +,"$46,000",,,,,,,,,,,,,,,,,,,,,,,,
,,,,,,,,Median household income ofprivate households,"$119,000",,,,,,,,,,,,,,,,,,,,,,,,
,,,Number in lowincome,,Per cent in lowincome,,,,Number,,,,,,,,,,,,,,,,,,,,,,,,
,,,"5,190",,5%,,,Population in private households to whom low-income concepts are applicable,"101,460",,,,,,,,,,,,,,,,,,,,,,,,
,,,"1,780",,6%,,,0 to 17 years,"29,000",,,,,,,,,,,,,,,,,,,,,,,,
,,,"2,900",,4%,,,18 to 64 years,"65,430",,,,,,,,,,,,,,,,,,,,,,,,
,,,505,,7%,,,65 years and over,"7,035",,,,,,,,,,,,,,,,,,,,,,,,
,,,Per cent,,,,,,Number,,,,,,,,,,,,,,,,,,,,,,,,
,,,100%,,,,,Employed labour forceaged 15 years and over inprivate households,"38,330",,,,,,,,,,,,,,,,,,,,,,,,
,,,85%,,,,,"Driver – car, truck or van","32,505",,,,,,,,,,,,,,,,,,,,,,,,
,,,5%,,,,,"Passenger – car, truck orvan","1,910",,,,,,,,,,,,,,,,,,,,,,,,
,,,4%,,,,,Public transit,"1,615",,,,,,,,,,,,,,,,,,,,,,,,
,,,3%,,,,,Walked,"1,020",,,,,,,,,,,,,,,,,,,,,,,,
,,,0%,,,,,Bicycle,150,,,,,,,,,,,,,,,,,,,,,,,,
,,,3%,,,,,Other methods,"1,130",,,,,,,,,,,,,,,,,,,,,,,,
,Per cent,,,,,,,,,,Number,,,,,,,,,,,,,,,,,,,,,,
,100%,,,,,,,,,Population in privatehouseholds,"85,675",,,,,,,,,,,,,,,,,,,,,,
,19%,,,,,,,,,0 to 14 years,"16,695",,,,,,,,,,,,,,,,,,,,,,
,69%,,,,,,,,,15 to 64 years,"59,525",,,,,,,,,,,,,,,,,,,,,,
,10%,,,,,,,,,65 to 84 years,"8,770",,,,,,,,,,,,,,,,,,,,,,
,1%,,,,,,,,,85 years and over,690,,,,,,,,,,,,,,,,,,,,,,
,,,,,,,,,,,Number,,,,,,,,,,,,,,,,,,,,,,
,,,,,,,,,,Median income of populationaged 15 years and over,"$42,800",,,,,,,,,,,,,,,,,,,,,,
,,,,,,,,,,Men +,"$48,800",,,,,,,,,,,,,,,,,,,,,,
,,,,,,,,,,Women +,"$38,800",,,,,,,,,,,,,,,,,,,,,,
,,,,,,,,,,Median household income ofprivate households,"$109,000",,,,,,,,,,,,,,,,,,,,,,
,,,Number in lowincome,,,Per cent in lowincome,,,,,Number,,,,,,,,,,,,,,,,,,,,,,
,,,"5,575",,,7%,,,,Population in private households to whom low-income concepts are applicable,"85,680",,,,,,,,,,,,,,,,,,,,,,
,,,"1,575",,,8%,,,,0 to 17 years,"20,310",,,,,,,,,,,,,,,,,,,,,,
,,,"3,080",,,6%,,,,18 to 64 years,"55,905",,,,,,,,,,,,,,,,,,,,,,
,,,920,,,10%,,,,65 years and over,"9,460",,,,,,,,,,,,,,,,,,,,,,
,,,Per cent,,,,,,,,Number,,,,,,,,,,,,,,,,,,,,,,
,,,100%,,,,,,,Employed labour forceaged 15 years and over inprivate households,"31,055",,,,,,,,,,,,,,,,,,,,,,
,,,83%,,,,,,,"Driver – car, truck or van","25,760",,,,,,,,,,,,,,,,,,,,,,
,,,7%,,,,,,,"Passenger – car, truck orvan","2,115",,,,,,,,,,,,,,,,,,,,,,
,,,6%,,,,,,,Public transit,"1,910",,,,,,,,,,,,,,,,,,,,,,
,,,1%,,,,,,,Walked,430,,,,,,,,,,,,,,,,,,,,,,
,,,0%,,,,,,,Bicycle,75,,,,,,,,,,,,,,,,,,,,,,
,,,2%,,,,,,,Other methods,765,,,,,,,,,,,,,,,,,,,,,,
,Per cent,,,,,,,,,,,,Number,,,,,,,,,,,,,,,,,,,,
,100%,,,,,,,,,,,Population in privatehouseholds,"85,410",,,,,,,,,,,,,,,,,,,,
,16%,,,,,,,,,,,0 to 14 years,"13,560",,,,,,,,,,,,,,,,,,,,
,71%,,,,,,,,,,,15 to 64 years,"60,625",,,,,,,,,,,,,,,,,,,,
,12%,,,,,,,,,,,65 to 84 years,"10,190",,,,,,,,,,,,,,,,,,,,
,1%,,,,,,,,,,,85 years and over,"1,045",,,,,,,,,,,,,,,,,,,,
,,,,,,,,,,,,,Number,,,,,,,,,,,,,,,,,,,,
,,,,,,,,,,,,Median income of populationaged 15 years and over,"$38,800",,,,,,,,,,,,,,,,,,,,
,,,,,,,,,,,,Men +,"$42,000",,,,,,,,,,,,,,,,,,,,
,,,,,,,,,,,,Women +,"$35,600",,,,,,,,,,,,,,,,,,,,
,,,,,,,,,,,,Median household income ofprivate households,"$74,000",,,,,,,,,,,,,,,,,,,,
,,,Number in lowincome,,,Per cent in lowincome,,,,,,,Number,,,,,,,,,,,,,,,,,,,,
,,,"11,775",,,14%,,,,,,Population in private households to whom low-income concepts are applicable,"85,410",,,,,,,,,,,,,,,,,,,,
,,,"3,150",,,20%,,,,,,0 to 17 years,"16,040",,,,,,,,,,,,,,,,,,,,
,,,"6,735",,,12%,,,,,,18 to 64 years,"58,145",,,,,,,,,,,,,,,,,,,,
,,,"1,895",,,17%,,,,,,65 years and over,"11,230",,,,,,,,,,,,,,,,,,,,
,,,Per cent,,,,,,,,,,Number,,,,,,,,,,,,,,,,,,,,
,,,100%,,,,,,,,,Employed labour forceaged 15 years and over inprivate households,"32,235",,,,,,,,,,,,,,,,,,,,
,,,74%,,,,,,,,,"Driver – car, truck or van","23,870",,,,,,,,,,,,,,,,,,,,
,,,7%,,,,,,,,,"Passenger – car, truck orvan","2,315",,,,,,,,,,,,,,,,,,,,
,,,11%,,,,,,,,,Public transit,"3,540",,,,,,,,,,,,,,,,,,,,
,,,4%,,,,,,,,,Walked,"1,235",,,,,,,,,,,,,,,,,,,,
,,,2%,,,,,,,,,Bicycle,510,,,,,,,,,,,,,,,,,,,,
,,,2%,,,,,,,,,Other methods,765,,,,,,,,,,,,,,,,,,,,
,Per cent,,,,,,,,,,,,,,Number,,,,,,,,,,,,,,,,,,
,100%,,,,,,,,,,,,,Population in privatehouseholds,"102,435",,,,,,,,,,,,,,,,,,
,15%,,,,,,,,,,,,,0 to 14 years,"15,325",,,,,,,,,,,,,,,,,,
,67%,,,,,,,,,,,,,15 to 64 years,"68,250",,,,,,,,,,,,,,,,,,
,16%,,,,,,,,,,,,,65 to 84 years,"16,575",,,,,,,,,,,,,,,,,,
,2%,,,,,,,,,,,,,85 years and over,"2,285",,,,,,,,,,,,,,,,,,
,,,,,,,,,,,,,,,Number,,,,,,,,,,,,,,,,,,
,,,,,,,,,,,,,,Median income of populationaged 15 years and over,"$46,000",,,,,,,,,,,,,,,,,,
,,,,,,,,,,,,,,Men +,"$52,000",,,,,,,,,,,,,,,,,,
,,,,,,,,,,,,,,Women +,"$41,600",,,,,,,,,,,,,,,,,,
,,,,,,,,,,,,,,Median household income ofprivate households,"$95,000",,,,,,,,,,,,,,,,,,
,,,Number in lowincome,,Per cent in lowincome,,,,,,,,,,Number,,,,,,,,,,,,,,,,,,
,,,"8,945",,9%,,,,,,,,,Population in private households to whom low-income concepts are applicable,"102,435",,,,,,,,,,,,,,,,,,
,,,"1,890",,10%,,,,,,,,,0 to 17 years,"18,085",,,,,,,,,,,,,,,,,,
,,,"5,235",,8%,,,,,,,,,18 to 64 years,"65,490",,,,,,,,,,,,,,,,,,
,,,"1,825",,10%,,,,,,,,,65 years and over,"18,860",,,,,,,,,,,,,,,,,,
,,,Per cent,,,,,,,,,,,,Number,,,,,,,,,,,,,,,,,,
,,,100%,,,,,,,,,,,Employed labour forceaged 15 years and over inprivate households,"36,085",,,,,,,,,,,,,,,,,,
,,,78%,,,,,,,,,,,"Driver – car, truck or van","28,145",,,,,,,,,,,,,,,,,,
,,,6%,,,,,,,,,,,"Passenger – car, truck orvan","2,080",,,,,,,,,,,,,,,,,,
,,,8%,,,,,,,,,,,Public transit,"2,915",,,,,,,,,,,,,,,,,,
,,,5%,,,,,,,,,,,Walked,"1,680",,,,,,,,,,,,,,,,,,
,,,1%,,,,,,,,,,,Bicycle,230,,,,,,,,,,,,,,,,,,
,,,3%,,,,,,,,,,,Other methods,"1,045",,,,,,,,,,,,,,,,,,
,Per cent,,,,,,,,,,,,,,,,Number,,,,,,,,,,,,,,,,
,100%,,,,,,,,,,,,,,,Population in privatehouseholds,"86,450",,,,,,,,,,,,,,,,
,18%,,,,,,,,,,,,,,,0 to 14 years,"15,970",,,,,,,,,,,,,,,,
,67%,,,,,,,,,,,,,,,15 to 64 years,"57,870",,,,,,,,,,,,,,,,
,14%,,,,,,,,,,,,,,,65 to 84 years,"11,800",,,,,,,,,,,,,,,,
,1%,,,,,,,,,,,,,,,85 years and over,805,,,,,,,,,,,,,,,,
,,,,,,,,,,,,,,,,,Number,,,,,,,,,,,,,,,,
,,,,,,,,,,,,,,,,Median income of populationaged 15 years and over,"$49,600",,,,,,,,,,,,,,,,
,,,,,,,,,,,,,,,,Men +,"$60,400",,,,,,,,,,,,,,,,
,,,,,,,,,,,,,,,,Women +,"$42,000",,,,,,,,,,,,,,,,
,,,,,,,,,,,,,,,,Median household income ofprivate households,"$115,000",,,,,,,,,,,,,,,,
,,,Number in lowincome,,Per cent in lowincome,,,,,,,,,,,,Number,,,,,,,,,,,,,,,,
,,,"5,125",,6%,,,,,,,,,,,Population in private households to whom low-income concepts are applicable,"86,445",,,,,,,,,,,,,,,,
,,,"1,510",,8%,,,,,,,,,,,0 to 17 years,"19,335",,,,,,,,,,,,,,,,
,,,"2,930",,5%,,,,,,,,,,,18 to 64 years,"54,500",,,,,,,,,,,,,,,,
,,,685,,5%,,,,,,,,,,,65 years and over,"12,605",,,,,,,,,,,,,,,,
,,,Per cent,,,,,,,,,,,,,,Number,,,,,,,,,,,,,,,,
,,,100%,,,,,,,,,,,,,Employed labour forceaged 15 years and over inprivate households,"30,400",,,,,,,,,,,,,,,,
,,,85%,,,,,,,,,,,,,"Driver – car, truck or van","25,845",,,,,,,,,,,,,,,,
,,,5%,,,,,,,,,,,,,"Passenger – car, truck orvan","1,390",,,,,,,,,,,,,,,,
,,,5%,,,,,,,,,,,,,Public transit,"1,435",,,,,,,,,,,,,,,,
,,,2%,,,,,,,,,,,,,Walked,705,,,,,,,,,,,,,,,,
,,,0%,,,,,,,,,,,,,Bicycle,125,,,,,,,,,,,,,,,,
,,,3%,,,,,,,,,,,,,Other methods,905,,,,,,,,,,,,,,,,
,Per cent,,,,,,,,,,,,,,,,,,Number,,,,,,,,,,,,,,
,100%,,,,,,,,,,,,,,,,,Population in privatehouseholds,"106,220",,,,,,,,,,,,,,
,24%,,,,,,,,,,,,,,,,,0 to 14 years,"25,100",,,,,,,,,,,,,,
,69%,,,,,,,,,,,,,,,,,15 to 64 years,"73,320",,,,,,,,,,,,,,
,7%,,,,,,,,,,,,,,,,,65 to 84 years,"7,395",,,,,,,,,,,,,,
,0%,,,,,,,,,,,,,,,,,85 years and over,405,,,,,,,,,,,,,,
,,,,,,,,,,,,,,,,,,,Number,,,,,,,,,,,,,,
,,,,,,,,,,,,,,,,,,Median income of populationaged 15 years and over,"$36,000",,,,,,,,,,,,,,
,,,,,,,,,,,,,,,,,,Men +,"$39,600",,,,,,,,,,,,,,
,,,,,,,,,,,,,,,,,,Women +,"$34,000",,,,,,,,,,,,,,
,,,,,,,,,,,,,,,,,,Median household income ofprivate households,"$97,000",,,,,,,,,,,,,,
,,,Number in lowincome,,,Per cent in lowincome,,,,,,,,,,,,,Number,,,,,,,,,,,,,,
,,,"9,040",,,9%,,,,,,,,,,,,Population in private households to whom low-income concepts are applicable,"106,220",,,,,,,,,,,,,,
,,,"3,610",,,12%,,,,,,,,,,,,0 to 17 years,"29,165",,,,,,,,,,,,,,
,,,"4,765",,,7%,,,,,,,,,,,,18 to 64 years,"69,255",,,,,,,,,,,,,,
,,,660,,,8%,,,,,,,,,,,,65 years and over,"7,795",,,,,,,,,,,,,,
,,,Per cent,,,,,,,,,,,,,,,,Number,,,,,,,,,,,,,,
,,,100%,,,,,,,,,,,,,,,Employed labour forceaged 15 years and over inprivate households,"43,405",,,,,,,,,,,,,,
,,,78%,,,,,,,,,,,,,,,"Driver – car, truck or van","34,015",,,,,,,,,,,,,,
,,,8%,,,,,,,,,,,,,,,"Passenger – car, truck orvan","3,290",,,,,,,,,,,,,,
,,,11%,,,,,,,,,,,,,,,Public transit,"4,840",,,,,,,,,,,,,,
,,,1%,,,,,,,,,,,,,,,Walked,335,,,,,,,,,,,,,,
,,,0%,,,,,,,,,,,,,,,Bicycle,45,,,,,,,,,,,,,,
,,,2%,,,,,,,,,,,,,,,Other methods,875,,,,,,,,,,,,,,
,Per cent,,,,,,,,,,,,,,,,,,,,Number,,,,,,,,,,,,
,100%,,,,,,,,,,,,,,,,,,,Population in privatehouseholds,"94,935",,,,,,,,,,,,
,21%,,,,,,,,,,,,,,,,,,,0 to 14 years,"19,600",,,,,,,,,,,,
,68%,,,,,,,,,,,,,,,,,,,15 to 64 years,"64,640",,,,,,,,,,,,
,10%,,,,,,,,,,,,,,,,,,,65 to 84 years,"9,860",,,,,,,,,,,,
,1%,,,,,,,,,,,,,,,,,,,85 years and over,845,,,,,,,,,,,,
,,,,,,,,,,,,,,,,,,,,,Number,,,,,,,,,,,,
,,,,,,,,,,,,,,,,,,,,Median income of populationaged 15 years and over,"$46,800",,,,,,,,,,,,
,,,,,,,,,,,,,,,,,,,,Men +,"$55,200",,,,,,,,,,,,
,,,,,,,,,,,,,,,,,,,,Women +,"$40,800",,,,,,,,,,,,
,,,,,,,,,,,,,,,,,,,,Median household income ofprivate households,"$116,000",,,,,,,,,,,,
,,,Number in lowincome,,,Per cent in lowincome,,,,,,,,,,,,,,,Number,,,,,,,,,,,,
,,,"6,620",,,7%,,,,,,,,,,,,,,Population in private households to whom low-income concepts are applicable,"94,935",,,,,,,,,,,,
,,,"1,950",,,8%,,,,,,,,,,,,,,0 to 17 years,"23,225",,,,,,,,,,,,
,,,"3,760",,,6%,,,,,,,,,,,,,,18 to 64 years,"61,010",,,,,,,,,,,,
,,,905,,,8%,,,,,,,,,,,,,,65 years and over,"10,700",,,,,,,,,,,,
,,,Per cent,,,,,,,,,,,,,,,,,,Number,,,,,,,,,,,,
,,,100%,,,,,,,,,,,,,,,,,Employed labour forceaged 15 years and over inprivate households,"31,915",,,,,,,,,,,,
,,,83%,,,,,,,,,,,,,,,,,"Driver – car, truck or van","26,405",,,,,,,,,,,,
,,,6%,,,,,,,,,,,,,,,,,"Passenger – car, truck orvan","1,790",,,,,,,,,,,,
,,,6%,,,,,,,,,,,,,,,,,Public transit,"1,895",,,,,,,,,,,,
,,,2%,,,,,,,,,,,,,,,,,Walked,715,,,,,,,,,,,,
,,,0%,,,,,,,,,,,,,,,,,Bicycle,65,,,,,,,,,,,,
,,,3%,,,,,,,,,,,,,,,,,Other methods,"1,045",,,,,,,,,,,,
,Per cent,,,,,,,,,,,,,,,,,,,,,,Number,,,,,,,,,,
,100%,,,,,,,,,,,,,,,,,,,,,Population in privatehouseholds,"91,535",,,,,,,,,,
,18%,,,,,,,,,,,,,,,,,,,,,0 to 14 years,"16,830",,,,,,,,,,
,68%,,,,,,,,,,,,,,,,,,,,,15 to 64 years,"62,185",,,,,,,,,,
,13%,,,,,,,,,,,,,,,,,,,,,65 to 84 years,"11,635",,,,,,,,,,
,1%,,,,,,,,,,,,,,,,,,,,,85 years and over,890,,,,,,,,,,
,,,,,,,,,,,,,,,,,,,,,,,Number,,,,,,,,,,
,,,,,,,,,,,,,,,,,,,,,,Median income of populationaged 15 years and over,"$45,600",,,,,,,,,,
,,,,,,,,,,,,,,,,,,,,,,Men +,"$53,600",,,,,,,,,,
,,,,,,,,,,,,,,,,,,,,,,Women +,"$39,600",,,,,,,,,,
,,,,,,,,,,,,,,,,,,,,,,Median household income ofprivate households,"$108,000",,,,,,,,,,
,,,Number in lowincome,,Per cent in lowincome,,,,,,,,,,,,,,,,,,Number,,,,,,,,,,
,,,"6,055",,7%,,,,,,,,,,,,,,,,,Population in private households to whom low-income concepts are applicable,"91,530",,,,,,,,,,
,,,"1,840",,9%,,,,,,,,,,,,,,,,,0 to 17 years,"20,255",,,,,,,,,,
,,,"3,335",,6%,,,,,,,,,,,,,,,,,18 to 64 years,"58,760",,,,,,,,,,
,,,880,,7%,,,,,,,,,,,,,,,,,65 years and over,"12,515",,,,,,,,,,
,,,Per cent,,,,,,,,,,,,,,,,,,,,Number,,,,,,,,,,
,,,100%,,,,,,,,,,,,,,,,,,,Employed labour forceaged 15 years and over inprivate households,"32,625",,,,,,,,,,
,,,78%,,,,,,,,,,,,,,,,,,,"Driver – car, truck or van","25,350",,,,,,,,,,
,,,7%,,,,,,,,,,,,,,,,,,,"Passenger – car, truck orvan","2,380",,,,,,,,,,
,,,10%,,,,,,,,,,,,,,,,,,,Public transit,"3,210",,,,,,,,,,
,,,2%,,,,,,,,,,,,,,,,,,,Walked,680,,,,,,,,,,
,,,0%,,,,,,,,,,,,,,,,,,,Bicycle,75,,,,,,,,,,
,,,3%,,,,,,,,,,,,,,,,,,,Other methods,925,,,,,,,,,,
,Per cent,,,,,,,,,,,,,,,,,,,,,,,,Number,,,,,,,,
,100%,,,,,,,,,,,,,,,,,,,,,,,Population in privatehouseholds,"77,660",,,,,,,,
,13%,,,,,,,,,,,,,,,,,,,,,,,0 to 14 years,"10,345",,,,,,,,
,73%,,,,,,,,,,,,,,,,,,,,,,,15 to 64 years,"56,910",,,,,,,,
,12%,,,,,,,,,,,,,,,,,,,,,,,65 to 84 years,"9,345",,,,,,,,
,1%,,,,,,,,,,,,,,,,,,,,,,,85 years and over,"1,055",,,,,,,,
,,,,,,,,,,,,,,,,,,,,,,,,,Number,,,,,,,,
,,,,,,,,,,,,,,,,,,,,,,,,Median income of populationaged 15 years and over,"$46,400",,,,,,,,
,,,,,,,,,,,,,,,,,,,,,,,,Men +,"$52,000",,,,,,,,
,,,,,,,,,,,,,,,,,,,,,,,,Women +,"$42,000",,,,,,,,
,,,,,,,,,,,,,,,,,,,,,,,,Median household income ofprivate households,"$79,500",,,,,,,,
,,,Number in lowincome,,,Per cent in lowincome,,,,,,,,,,,,,,,,,,,Number,,,,,,,,
,,,"10,855",,,14%,,,,,,,,,,,,,,,,,,Population in private households to whom low-income concepts are applicable,"77,660",,,,,,,,
,,,"1,410",,,12%,,,,,,,,,,,,,,,,,,0 to 17 years,"11,805",,,,,,,,
,,,"7,145",,,13%,,,,,,,,,,,,,,,,,,18 to 64 years,"55,455",,,,,,,,
,,,"2,295",,,22%,,,,,,,,,,,,,,,,,,65 years and over,"10,405",,,,,,,,
,,,Per cent,,,,,,,,,,,,,,,,,,,,,,Number,,,,,,,,
,,,100%,,,,,,,,,,,,,,,,,,,,,Employed labour forceaged 15 years and over inprivate households,"25,680",,,,,,,,
,,,59%,,,,,,,,,,,,,,,,,,,,,"Driver – car, truck or van","15,160",,,,,,,,
,,,4%,,,,,,,,,,,,,,,,,,,,,"Passenger – car, truck orvan","1,150",,,,,,,,
,,,15%,,,,,,,,,,,,,,,,,,,,,Public transit,"3,915",,,,,,,,
,,,16%,,,,,,,,,,,,,,,,,,,,,Walked,"4,000",,,,,,,,
,,,3%,,,,,,,,,,,,,,,,,,,,,Bicycle,685,,,,,,,,
,,,3%,,,,,,,,,,,,,,,,,,,,,Other methods,770,,,,,,,,
,Per cent,,,,,,,,,,,,,,,,,,,,,,,,,,Number,,,,,,
,100%,,,,,,,,,,,,,,,,,,,,,,,,,Population in privatehouseholds,"88,825",,,,,,
,16%,,,,,,,,,,,,,,,,,,,,,,,,,0 to 14 years,"14,405",,,,,,
,67%,,,,,,,,,,,,,,,,,,,,,,,,,15 to 64 years,"59,075",,,,,,
,15%,,,,,,,,,,,,,,,,,,,,,,,,,65 to 84 years,"13,485",,,,,,
,2%,,,,,,,,,,,,,,,,,,,,,,,,,85 years and over,"1,855",,,,,,
,,,,,,,,,,,,,,,,,,,,,,,,,,,Number,,,,,,
,,,,,,,,,,,,,,,,,,,,,,,,,,Median income of populationaged 15 years and over,"$41,600",,,,,,
,,,,,,,,,,,,,,,,,,,,,,,,,,Men +,"$46,000",,,,,,
,,,,,,,,,,,,,,,,,,,,,,,,,,Women +,"$38,000",,,,,,
,,,,,,,,,,,,,,,,,,,,,,,,,,Median household income ofprivate households,"$88,000",,,,,,
,,,Number in lowincome,,,Per cent in lowincome,,,,,,,,,,,,,,,,,,,,,Number,,,,,,
,,,"9,945",,,11%,,,,,,,,,,,,,,,,,,,,Population in private households to whom low-income concepts are applicable,"88,820",,,,,,
,,,"2,680",,,16%,,,,,,,,,,,,,,,,,,,,0 to 17 years,"17,250",,,,,,
,,,"5,760",,,10%,,,,,,,,,,,,,,,,,,,,18 to 64 years,"56,235",,,,,,
,,,"1,510",,,10%,,,,,,,,,,,,,,,,,,,,65 years and over,"15,335",,,,,,
,,,Per cent,,,,,,,,,,,,,,,,,,,,,,,,Number,,,,,,
,,,100%,,,,,,,,,,,,,,,,,,,,,,,Employed labour forceaged 15 years and over inprivate households,"28,465",,,,,,
,,,75%,,,,,,,,,,,,,,,,,,,,,,,"Driver – car, truck or van","21,405",,,,,,
,,,6%,,,,,,,,,,,,,,,,,,,,,,,"Passenger – car, truck orvan","1,780",,,,,,
,,,11%,,,,,,,,,,,,,,,,,,,,,,,Public transit,"3,065",,,,,,
,,,4%,,,,,,,,,,,,,,,,,,,,,,,Walked,"1,045",,,,,,
,,,1%,,,,,,,,,,,,,,,,,,,,,,,Bicycle,390,,,,,,
,,,3%,,,,,,,,,,,,,,,,,,,,,,,Other methods,780,,,,,,
,Per cent,,,,,,,,,,,,,,,,,,,,,,,,,,,,Number,,,,
,100%,,,,,,,,,,,,,,,,,,,,,,,,,,,Population in privatehouseholds,"89,485",,,,
,19%,,,,,,,,,,,,,,,,,,,,,,,,,,,0 to 14 years,"16,685",,,,
,66%,,,,,,,,,,,,,,,,,,,,,,,,,,,15 to 64 years,"59,405",,,,
,14%,,,,,,,,,,,,,,,,,,,,,,,,,,,65 to 84 years,"12,450",,,,
,1%,,,,,,,,,,,,,,,,,,,,,,,,,,,85 years and over,940,,,,
,,,,,,,,,,,,,,,,,,,,,,,,,,,,,Number,,,,
,,,,,,,,,,,,,,,,,,,,,,,,,,,,Median income of populationaged 15 years and over,"$35,600",,,,
,,,,,,,,,,,,,,,,,,,,,,,,,,,,Men +,"$39,200",,,,
,,,,,,,,,,,,,,,,,,,,,,,,,,,,Women +,"$32,800",,,,
,,,,,,,,,,,,,,,,,,,,,,,,,,,,Median household income ofprivate households,"$85,000",,,,
,,,Number in lowincome,,Per cent in lowincome,,,,,,,,,,,,,,,,,,,,,,,,Number,,,,
,,,"9,945",,11%,,,,,,,,,,,,,,,,,,,,,,,Population in private households to whom low-income concepts are applicable,"89,490",,,,
,,,"3,410",,17%,,,,,,,,,,,,,,,,,,,,,,,0 to 17 years,"19,960",,,,
,,,"5,125",,9%,,,,,,,,,,,,,,,,,,,,,,,18 to 64 years,"56,130",,,,
,,,"1,405",,10%,,,,,,,,,,,,,,,,,,,,,,,65 years and over,"13,395",,,,
,,,Per cent,,,,,,,,,,,,,,,,,,,,,,,,,,Number,,,,
,,,100%,,,,,,,,,,,,,,,,,,,,,,,,,Employed labour forceaged 15 years and over inprivate households,"33,280",,,,
,,,76%,,,,,,,,,,,,,,,,,,,,,,,,,"Driver – car, truck or van","25,445",,,,
,,,9%,,,,,,,,,,,,,,,,,,,,,,,,,"Passenger – car, truck orvan","2,840",,,,
,,,10%,,,,,,,,,,,,,,,,,,,,,,,,,Public transit,"3,490",,,,
,,,2%,,,,,,,,,,,,,,,,,,,,,,,,,Walked,645,,,,
,,,0%,,,,,,,,,,,,,,,,,,,,,,,,,Bicycle,75,,,,
,,,2%,,,,,,,,,,,,,,,,,,,,,,,,,Other methods,780,,,,
,Per cent,,,,,,,,,,,,,,,,,,,,,,,,,,,,,,Number,,
,100%,,,,,,,,,,,,,,,,,,,,,,,,,,,,,Population in privatehouseholds,"95,800",,
,12%,,,,,,,,,,,,,,,,,,,,,,,,,,,,,0 to 14 years,"11,275",,
,78%,,,,,,,,,,,,,,,,,,,,,,,,,,,,,15 to 64 years,"74,370",,
,10%,,,,,,,,,,,,,,,,,,,,,,,,,,,,,65 to 84 years,"9,210",,
,1%,,,,,,,,,,,,,,,,,,,,,,,,,,,,,85 years and over,935,,
,,,,,,,,,,,,,,,,,,,,,,,,,,,,,,,Number,,
,,,,,,,,,,,,,,,,,,,,,,,,,,,,,,Median income of populationaged 15 years and over,"$50,400",,
,,,,,,,,,,,,,,,,,,,,,,,,,,,,,,Men +,"$56,400",,
,,,,,,,,,,,,,,,,,,,,,,,,,,,,,,Women +,"$46,000",,
,,,,,,,,,,,,,,,,,,,,,,,,,,,,,,Median household income ofprivate households,"$80,000",,
,,,Number in lowincome,,,Per cent in lowincome,,,,,,,,,,,,,,,,,,,,,,,,,Number,,
,,,"11,860",,,12%,,,,,,,,,,,,,,,,,,,,,,,,Population in private households to whom low-income concepts are applicable,"95,795",,
,,,"1,790",,,13%,,,,,,,,,,,,,,,,,,,,,,,,0 to 17 years,"13,375",,
,,,"8,320",,,12%,,,,,,,,,,,,,,,,,,,,,,,,18 to 64 years,"72,260",,
,,,"1,755",,,17%,,,,,,,,,,,,,,,,,,,,,,,,65 years and over,"10,155",,
,,,Per cent,,,,,,,,,,,,,,,,,,,,,,,,,,,,Number,,
,,,100%,,,,,,,,,,,,,,,,,,,,,,,,,,,Employed labour forceaged 15 years and over inprivate households,"34,795",,
,,,64%,,,,,,,,,,,,,,,,,,,,,,,,,,,"Driver – car, truck or van","22,405",,
,,,4%,,,,,,,,,,,,,,,,,,,,,,,,,,,"Passenger – car, truck orvan","1,555",,
,,,11%,,,,,,,,,,,,,,,,,,,,,,,,,,,Public transit,"3,895",,
,,,14%,,,,,,,,,,,,,,,,,,,,,,,,,,,Walked,"4,895",,
,,,3%,,,,,,,,,,,,,,,,,,,,,,,,,,,Bicycle,885,,
,,,3%,,,,,,,,,,,,,,,,,,,,,,,,,,,Other methods,"1,165",,
,Per cent,,,,,,,,,,,,,,,,,,,,,,,,,,,,,,,,Number
,100%,,,,,,,,,,,,,,,,,,,,,,,,,,,,,,,Population in privatehouseholds,"87,780"
,18%,,,,,,,,,,,,,,,,,,,,,,,,,,,,,,,0 to 14 years,"15,635"
,67%,,,,,,,,,,,,,,,,,,,,,,,,,,,,,,,15 to 64 years,"58,390"
,14%,,,,,,,,,,,,,,,,,,,,,,,,,,,,,,,65 to 84 years,"12,430"
,2%,,,,,,,,,,,,,,,,,,,,,,,,,,,,,,,85 years and over,"1,325"
,,,,,,,,,,,,,,,,,,,,,,,,,,,,,,,,,Number
,,,,,,,,,,,,,,,,,,,,,,,,,,,,,,,,Median income of populationaged 15 years and over,"$48,400"
,,,,,,,,,,,,,,,,,,,,,,,,,,,,,,,,Men +,"$58,800"
,,,,,,,,,,,,,,,,,,,,,,,,,,,,,,,,Women +,"$41,200"
,,,,,,,,,,,,,,,,,,,,,,,,,,,,,,,,Median household income ofprivate households,"$111,000"
,,,Number in lowincome,,,Per cent in lowincome,,,,,,,,,,,,,,,,,,,,,,,,,,,Number
,,,"6,875",,,8%,,,,,,,,,,,,,,,,,,,,,,,,,,Population in private households to whom low-income concepts are applicable,"87,780"
,,,"1,625",,,8%,,,,,,,,,,,,,,,,,,,,,,,,,,0 to 17 years,"19,210"
,,,"4,115",,,8%,,,,,,,,,,,,,,,,,,,,,,,,,,18 to 64 years,"54,810"
,,,"1,135",,,8%,,,,,,,,,,,,,,,,,,,,,,,,,,65 years and over,"13,755"
,,,Per cent,,,,,,,,,,,,,,,,,,,,,,,,,,,,,,Number
,,,100%,,,,,,,,,,,,,,,,,,,,,,,,,,,,,Employed labour forceaged 15 years and over inprivate households,"27,200"
,,,80%,,,,,,,,,,,,,,,,,,,,,,,,,,,,,"Driver – car, truck or van","21,720"
,,,5%,,,,,,,,,,,,,,,,,,,,,,,,,,,,,"Passenger – car, truck orvan","1,330"
,,,7%,,,,,,,,,,,,,,,,,,,,,,,,,,,,,Public transit,"1,905"
,,,3%,,,,,,,,,,,,,,,,,,,,,,,,,,,,,Walked,920
,,,1%,,,,,,,,,,,,,,,,,,,,,,,,,,,,,Bicycle,305
,,,4%,,,,,,,,,,,,,,,,,,,,,,,,,,,,,Other methods,"1,020"
,Per cent,,,Number,,,,,,,,,,,,,,,,,,,,,,,,,,,,,
Population in privatehouseholds,100%,,,"98,175",,,,,,,,,,,,,,,,,,,,,,,,,,,,,
0 to 14 years,19%,,,"18,750",,,,,,,,,,,,,,,,,,,,,,,,,,,,,
15 to 64 years,67%,,,"65,395",,,,,,,,,,,,,,,,,,,,,,,,,,,,,
65 to 84 years,13%,,,"12,675",,,,,,,,,,,,,,,,,,,,,,,,,,,,,
85 years and over,1%,,,"1,360",,,,,,,,,,,,,,,,,,,,,,,,,,,,,
,,,,Number,,,,,,,,,,,,,,,,,,,,,,,,,,,,,
Median income of populationaged 15 years and over,,,,"$49,600",,,,,,,,,,,,,,,,,,,,,,,,,,,,,
Men +,,,,"$60,000",,,,,,,,,,,,,,,,,,,,,,,,,,,,,
Women +,,,,"$42,800",,,,,,,,,,,,,,,,,,,,,,,,,,,,,
Median household income ofprivate households,,,,"$116,000",,,,,,,,,,,,,,,,,,,,,,,,,,,,,
,,,,Number,,,,,,,,,,,,,,,,,,,,,,,,,,,,,
Population in private households to whom low-income concepts are applicable,,,,"98,170",,,,,,,,,,,,,,,,,,,,,,,,,,,,,
0 to 17 years,,,,"23,095",,,,,,,,,,,,,,,,,,,,,,,,,,,,,
18 to 64 years,,,,"61,045",,,,,,,,,,,,,,,,,,,,,,,,,,,,,
65 years and over,,,,"14,030",,,,,,,,,,,,,,,,,,,,,,,,,,,,,
,,,,Number,,,,,,,,,,,,,,,,,,,,,,,,,,,,,
Employed labour forceaged 15 years and over inprivate households,,,,"28,720",,,,,,,,,,,,,,,,,,,,,,,,,,,,,
"Driver – car, truck or van",,,,"22,760",,,,,,,,,,,,,,,,,,,,,,,,,,,,,
"Passenger – car, truck orvan",,,,"1,395",,,,,,,,,,,,,,,,,,,,,,,,,,,,,
Public transit,,,,"2,270",,,,,,,,,,,,,,,,,,,,,,,,,,,,,
Walked,,,,900,,,,,,,,,,,,,,,,,,,,,,,,,,,,,
Bicycle,,,,345,,,,,,,,,,,,,,,,,,,,,,,,,,,,,
Other methods,,,,"1,060",,,,,,,,,,,,,,,,,,,,,,,,,,,,,
,Per cent,,,,,,,,Number,,,,,,,,,,,,,,,,,,,,,,,,
,100%,,,,,,,Population in privatehouseholds,"101,455",,,,,,,,,,,,,,,,,,,,,,,,
,25%,,,,,,,0 to 14 years,"25,365",,,,,,,,,,,,,,,,,,,,,,,,
,68%,,,,,,,15 to 64 years,"69,055",,,,,,,,,,,,,,,,,,,,,,,,
,7%,,,,,,,65 to 84 years,"6,630",,,,,,,,,,,,,,,,,,,,,,,,
,0%,,,,,,,85 years and over,405,,,,,,,,,,,,,,,,,,,,,,,,
,,,,,,,,,Number,,,,,,,,,,,,,,,,,,,,,,,,
,,,,,,,,Median income of populationaged 15 years and over,"$55,200",,,,,,,,,,,,,,,,,,,,,,,,
,,,,,,,,Men +,"$67,000",,,,,,,,,,,,,,,,,,,,,,,,
,,,,,,,,Women +,"$46,000",,,,,,,,,,,,,,,,,,,,,,,,
,,,,,,,,Median household income ofprivate households,"$119,000",,,,,,,,,,,,,,,,,,,,,,,,
,,,,,,,,,Number,,,,,,,,,,,,,,,,,,,,,,,,
,,,,,,,,Population in private households to whom low-income concepts are applicable,"101,460",,,,,,,,,,,,,,,,,,,,,,,,
,,,,,,,,0 to 17 years,"29,000",,,,,,,,,,,,,,,,,,,,,,,,
,,,,,,,,18 to 64 years,"65,430",,,,,,,,,,,,,,,,,,,,,,,,
,,,,,,,,65 years and over,"7,035",,,,,,,,,,,,,,,,,,,,,,,,
,,,,,,,,,Number,,,,,,,,,,,,,,,,,,,,,,,,
,,,,,,,,Employed labour forceaged 15 years and over inprivate households,"38,330",,,,,,,,,,,,,,,,,,,,,,,,
,,,,,,,,"Driver – car, truck or van","32,505",,,,,,,,,,,,,,,,,,,,,,,,
,,,,,,,,"Passenger – car, truck orvan","1,910",,,,,,,,,,,,,,,,,,,,,,,,
,,,,,,,,Public transit,"1,615",,,,,,,,,,,,,,,,,,,,,,,,
,,,,,,,,Walked,"1,020",,,,,,,,,,,,,,,,,,,,,,,,
,,,,,,,,Bicycle,150,,,,,,,,,,,,,,,,,,,,,,,,
,,,,,,,,Other methods,"1,130",,,,,,,,,,,,,,,,,,,,,,,,
,Per cent,,,,,,,,,,Number,,,,,,,,,,,,,,,,,,,,,,
,100%,,,,,,,,,Population in privatehouseholds,"85,675",,,,,,,,,,,,,,,,,,,,,,
,19%,,,,,,,,,0 to 14 years,"16,695",,,,,,,,,,,,,,,,,,,,,,
,69%,,,,,,,,,15 to 64 years,"59,525",,,,,,,,,,,,,,,,,,,,,,
,10%,,,,,,,,,65 to 84 years,"8,770",,,,,,,,,,,,,,,,,,,,,,
,1%,,,,,,,,,85 years and over,690,,,,,,,,,,,,,,,,,,,,,,
,,,,,,,,,,,Number,,,,,,,,,,,,,,,,,,,,,,
,,,,,,,,,,Median income of populationaged 15 years and over,"$42,800",,,,,,,,,,,,,,,,,,,,,,
,,,,,,,,,,Men +,"$48,800",,,,,,,,,,,,,,,,,,,,,,
,,,,,,,,,,Women +,"$38,800",,,,,,,,,,,,,,,,,,,,,,
,,,,,,,,,,Median household income ofprivate households,"$109,000",,,,,,,,,,,,,,,,,,,,,,
,,,,,,,,,,,Number,,,,,,,,,,,,,,,,,,,,,,
,,,,,,,,,,Population in private households to whom low-income concepts are applicable,"85,680",,,,,,,,,,,,,,,,,,,,,,
,,,,,,,,,,0 to 17 years,"20,310",,,,,,,,,,,,,,,,,,,,,,
,,,,,,,,,,18 to 64 years,"55,905",,,,,,,,,,,,,,,,,,,,,,
,,,,,,,,,,65 years and over,"9,460",,,,,,,,,,,,,,,,,,,,,,
,,,,,,,,,,,Number,,,,,,,,,,,,,,,,,,,,,,
,,,,,,,,,,Employed labour forceaged 15 years and over inprivate households,"31,055",,,,,,,,,,,,,,,,,,,,,,
,,,,,,,,,,"Driver – car, truck or van","25,760",,,,,,,,,,,,,,,,,,,,,,
,,,,,,,,,,"Passenger – car, truck orvan","2,115",,,,,,,,,,,,,,,,,,,,,,
,,,,,,,,,,Public transit,"1,910",,,,,,,,,,,,,,,,,,,,,,
,,,,,,,,,,Walked,430,,,,,,,,,,,,,,,,,,,,,,
,,,,,,,,,,Bicycle,75,,,,,,,,,,,,,,,,,,,,,,
,,,,,,,,,,Other methods,765,,,,,,,,,,,,,,,,,,,,,,
,Per cent,,,,,,,,,,,,Number,,,,,,,,,,,,,,,,,,,,
,100%,,,,,,,,,,,Population in privatehouseholds,"85,410",,,,,,,,,,,,,,,,,,,,
,16%,,,,,,,,,,,0 to 14 years,"13,560",,,,,,,,,,,,,,,,,,,,
,71%,,,,,,,,,,,15 to 64 years,"60,625",,,,,,,,,,,,,,,,,,,,
,12%,,,,,,,,,,,65 to 84 years,"10,190",,,,,,,,,,,,,,,,,,,,
,1%,,,,,,,,,,,85 years and over,"1,045",,,,,,,,,,,,,,,,,,,,
,,,,,,,,,,,,,Number,,,,,,,,,,,,,,,,,,,,
,,,,,,,,,,,,Median income of populationaged 15 years and over,"$38,800",,,,,,,,,,,,,,,,,,,,
,,,,,,,,,,,,Men +,"$42,000",,,,,,,,,,,,,,,,,,,,
,,,,,,,,,,,,Women +,"$35,600",,,,,,,,,,,,,,,,,,,,
,,,,,,,,,,,,Median household income ofprivate households,"$74,000",,,,,,,,,,,,,,,,,,,,
,,,,,,,,,,,,,Number,,,,,,,,,,,,,,,,,,,,
,,,,,,,,,,,,Population in private households to whom low-income concepts are applicable,"85,410",,,,,,,,,,,,,,,,,,,,
,,,,,,,,,,,,0 to 17 years,"16,040",,,,,,,,,,,,,,,,,,,,
,,,,,,,,,,,,18 to 64 years,"58,145",,,,,,,,,,,,,,,,,,,,
,,,,,,,,,,,,65 years and over,"11,230",,,,,,,,,,,,,,,,,,,,
,,,,,,,,,,,,,Number,,,,,,,,,,,,,,,,,,,,
,,,,,,,,,,,,Employed labour forceaged 15 years and over inprivate households,"32,235",,,,,,,,,,,,,,,,,,,,
,,,,,,,,,,,,"Driver – car, truck or van","23,870",,,,,,,,,,,,,,,,,,,,
,,,,,,,,,,,,"Passenger – car, truck orvan","2,315",,,,,,,,,,,,,,,,,,,,
,,,,,,,,,,,,Public transit,"3,540",,,,,,,,,,,,,,,,,,,,
,,,,,,,,,,,,Walked,"1,235",,,,,,,,,,,,,,,,,,,,
,,,,,,,,,,,,Bicycle,510,,,,,,,,,,,,,,,,,,,,
,,,,,,,,,,,,Other methods,765,,,,,,,,,,,,,,,,,,,,
,Per cent,,,,,,,,,,,,,,Number,,,,,,,,,,,,,,,,,,
,100%,,,,,,,,,,,,,Population in privatehouseholds,"102,435",,,,,,,,,,,,,,,,,,
,15%,,,,,,,,,,,,,0 to 14 years,"15,325",,,,,,,,,,,,,,,,,,
,67%,,,,,,,,,,,,,15 to 64 years,"68,250",,,,,,,,,,,,,,,,,,
,16%,,,,,,,,,,,,,65 to 84 years,"16,575",,,,,,,,,,,,,,,,,,
,2%,,,,,,,,,,,,,85 years and over,"2,285",,,,,,,,,,,,,,,,,,
,,,,,,,,,,,,,,,Number,,,,,,,,,,,,,,,,,,
,,,,,,,,,,,,,,Median income of populationaged 15 years and over,"$46,000",,,,,,,,,,,,,,,,,,
,,,,,,,,,,,,,,Men +,"$52,000",,,,,,,,,,,,,,,,,,
,,,,,,,,,,,,,,Women +,"$41,600",,,,,,,,,,,,,,,,,,
,,,,,,,,,,,,,,Median household income ofprivate households,"$95,000",,,,,,,,,,,,,,,,,,
,,,,,,,,,,,,,,,Number,,,,,,,,,,,,,,,,,,
,,,,,,,,,,,,,,Population in private households to whom low-income concepts are applicable,"102,435",,,,,,,,,,,,,,,,,,
,,,,,,,,,,,,,,0 to 17 years,"18,085",,,,,,,,,,,,,,,,,,
,,,,,,,,,,,,,,18 to 64 years,"65,490",,,,,,,,,,,,,,,,,,
,,,,,,,,,,,,,,65 years and over,"18,860",,,,,,,,,,,,,,,,,,
,,,,,,,,,,,,,,,Number,,,,,,,,,,,,,,,,,,
,,,,,,,,,,,,,,Employed labour forceaged 15 years and over inprivate households,"36,085",,,,,,,,,,,,,,,,,,
,,,,,,,,,,,,,,"Driver – car, truck or van","28,145",,,,,,,,,,,,,,,,,,
,,,,,,,,,,,,,,"Passenger – car, truck orvan","2,080",,,,,,,,,,,,,,,,,,
,,,,,,,,,,,,,,Public transit,"2,915",,,,,,,,,,,,,,,,,,
,,,,,,,,,,,,,,Walked,"1,680",,,,,,,,,,,,,,,,,,
,,,,,,,,,,,,,,Bicycle,230,,,,,,,,,,,,,,,,,,
,,,,,,,,,,,,,,Other methods,"1,045",,,,,,,,,,,,,,,,,,
,Per cent,,,,,,,,,,,,,,,,Number,,,,,,,,,,,,,,,,
,100%,,,,,,,,,,,,,,,Population in privatehouseholds,"86,450",,,,,,,,,,,,,,,,
,18%,,,,,,,,,,,,,,,0 to 14 years,"15,970",,,,,,,,,,,,,,,,
,67%,,,,,,,,,,,,,,,15 to 64 years,"57,870",,,,,,,,,,,,,,,,
,14%,,,,,,,,,,,,,,,65 to 84 years,"11,800",,,,,,,,,,,,,,,,
,1%,,,,,,,,,,,,,,,85 years and over,805,,,,,,,,,,,,,,,,
,,,,,,,,,,,,,,,,,Number,,,,,,,,,,,,,,,,
,,,,,,,,,,,,,,,,Median income of populationaged 15 years and over,"$49,600",,,,,,,,,,,,,,,,
,,,,,,,,,,,,,,,,Men +,"$60,400",,,,,,,,,,,,,,,,
,,,,,,,,,,,,,,,,Women +,"$42,000",,,,,,,,,,,,,,,,
,,,,,,,,,,,,,,,,Median household income ofprivate households,"$115,000",,,,,,,,,,,,,,,,
,,,,,,,,,,,,,,,,,Number,,,,,,,,,,,,,,,,
,,,,,,,,,,,,,,,,Population in private households to whom low-income concepts are applicable,"86,445",,,,,,,,,,,,,,,,
,,,,,,,,,,,,,,,,0 to 17 years,"19,335",,,,,,,,,,,,,,,,
,,,,,,,,,,,,,,,,18 to 64 years,"54,500",,,,,,,,,,,,,,,,
,,,,,,,,,,,,,,,,65 years and over,"12,605",,,,,,,,,,,,,,,,
,,,,,,,,,,,,,,,,,Number,,,,,,,,,,,,,,,,
,,,,,,,,,,,,,,,,Employed labour forceaged 15 years and over inprivate households,"30,400",,,,,,,,,,,,,,,,
,,,,,,,,,,,,,,,,"Driver – car, truck or van","25,845",,,,,,,,,,,,,,,,
,,,,,,,,,,,,,,,,"Passenger – car, truck orvan","1,390",,,,,,,,,,,,,,,,
,,,,,,,,,,,,,,,,Public transit,"1,435",,,,,,,,,,,,,,,,
,,,,,,,,,,,,,,,,Walked,705,,,,,,,,,,,,,,,,
,,,,,,,,,,,,,,,,Bicycle,125,,,,,,,,,,,,,,,,
,,,,,,,,,,,,,,,,Other methods,905,,,,,,,,,,,,,,,,
,Per cent,,,,,,,,,,,,,,,,,,Number,,,,,,,,,,,,,,
,100%,,,,,,,,,,,,,,,,,Population in privatehouseholds,"106,220",,,,,,,,,,,,,,
,24%,,,,,,,,,,,,,,,,,0 to 14 years,"25,100",,,,,,,,,,,,,,
,69%,,,,,,,,,,,,,,,,,15 to 64 years,"73,320",,,,,,,,,,,,,,
,7%,,,,,,,,,,,,,,,,,65 to 84 years,"7,395",,,,,,,,,,,,,,
,0%,,,,,,,,,,,,,,,,,85 years and over,405,,,,,,,,,,,,,,
,,,,,,,,,,,,,,,,,,,Number,,,,,,,,,,,,,,
,,,,,,,,,,,,,,,,,,Median income of populationaged 15 years and over,"$36,000",,,,,,,,,,,,,,
,,,,,,,,,,,,,,,,,,Men +,"$39,600",,,,,,,,,,,,,,
,,,,,,,,,,,,,,,,,,Women +,"$34,000",,,,,,,,,,,,,,
,,,,,,,,,,,,,,,,,,Median household income ofprivate households,"$97,000",,,,,,,,,,,,,,
,,,,,,,,,,,,,,,,,,,Number,,,,,,,,,,,,,,
,,,,,,,,,,,,,,,,,,Population in private households to whom low-income concepts are applicable,"106,220",,,,,,,,,,,,,,
,,,,,,,,,,,,,,,,,,0 to 17 years,"29,165",,,,,,,,,,,,,,
,,,,,,,,,,,,,,,,,,18 to 64 years,"69,255",,,,,,,,,,,,,,
,,,,,,,,,,,,,,,,,,65 years and over,"7,795",,,,,,,,,,,,,,
,,,,,,,,,,,,,,,,,,,Number,,,,,,,,,,,,,,
,,,,,,,,,,,,,,,,,,Employed labour forceaged 15 years and over inprivate households,"43,405",,,,,,,,,,,,,,
,,,,,,,,,,,,,,,,,,"Driver – car, truck or van","34,015",,,,,,,,,,,,,,
,,,,,,,,,,,,,,,,,,"Passenger – car, truck orvan","3,290",,,,,,,,,,,,,,
,,,,,,,,,,,,,,,,,,Public transit,"4,840",,,,,,,,,,,,,,
,,,,,,,,,,,,,,,,,,Walked,335,,,,,,,,,,,,,,
,,,,,,,,,,,,,,,,,,Bicycle,45,,,,,,,,,,,,,,
,,,,,,,,,,,,,,,,,,Other methods,875,,,,,,,,,,,,,,
,Per cent,,,,,,,,,,,,,,,,,,,,Number,,,,,,,,,,,,
,100%,,,,,,,,,,,,,,,,,,,Population in privatehouseholds,"94,935",,,,,,,,,,,,
,21%,,,,,,,,,,,,,,,,,,,0 to 14 years,"19,600",,,,,,,,,,,,
,68%,,,,,,,,,,,,,,,,,,,15 to 64 years,"64,640",,,,,,,,,,,,
,10%,,,,,,,,,,,,,,,,,,,65 to 84 years,"9,860",,,,,,,,,,,,
,1%,,,,,,,,,,,,,,,,,,,85 years and over,845,,,,,,,,,,,,
,,,,,,,,,,,,,,,,,,,,,Number,,,,,,,,,,,,
,,,,,,,,,,,,,,,,,,,,Median income of populationaged 15 years and over,"$46,800",,,,,,,,,,,,
,,,,,,,,,,,,,,,,,,,,Men +,"$55,200",,,,,,,,,,,,
,,,,,,,,,,,,,,,,,,,,Women +,"$40,800",,,,,,,,,,,,
,,,,,,,,,,,,,,,,,,,,Median household income ofprivate households,"$116,000",,,,,,,,,,,,
,,,,,,,,,,,,,,,,,,,,,Number,,,,,,,,,,,,
,,,,,,,,,,,,,,,,,,,,Population in private households to whom low-income concepts are applicable,"94,935",,,,,,,,,,,,
,,,,,,,,,,,,,,,,,,,,0 to 17 years,"23,225",,,,,,,,,,,,
,,,,,,,,,,,,,,,,,,,,18 to 64 years,"61,010",,,,,,,,,,,,
,,,,,,,,,,,,,,,,,,,,65 years and over,"10,700",,,,,,,,,,,,
,,,,,,,,,,,,,,,,,,,,,Number,,,,,,,,,,,,
,,,,,,,,,,,,,,,,,,,,Employed labour forceaged 15 years and over inprivate households,"31,915",,,,,,,,,,,,
,,,,,,,,,,,,,,,,,,,,"Driver – car, truck or van","26,405",,,,,,,,,,,,
,,,,,,,,,,,,,,,,,,,,"Passenger – car, truck orvan","1,790",,,,,,,,,,,,
,,,,,,,,,,,,,,,,,,,,Public transit,"1,895",,,,,,,,,,,,
,,,,,,,,,,,,,,,,,,,,Walked,715,,,,,,,,,,,,
,,,,,,,,,,,,,,,,,,,,Bicycle,65,,,,,,,,,,,,
,,,,,,,,,,,,,,,,,,,,Other methods,"1,045",,,,,,,,,,,,
,Per cent,,,,,,,,,,,,,,,,,,,,,,Number,,,,,,,,,,
,100%,,,,,,,,,,,,,,,,,,,,,Population in privatehouseholds,"91,535",,,,,,,,,,
,18%,,,,,,,,,,,,,,,,,,,,,0 to 14 years,"16,830",,,,,,,,,,
,68%,,,,,,,,,,,,,,,,,,,,,15 to 64 years,"62,185",,,,,,,,,,
,13%,,,,,,,,,,,,,,,,,,,,,65 to 84 years,"11,635",,,,,,,,,,
,1%,,,,,,,,,,,,,,,,,,,,,85 years and over,890,,,,,,,,,,
,,,,,,,,,,,,,,,,,,,,,,,Number,,,,,,,,,,
,,,,,,,,,,,,,,,,,,,,,,Median income of populationaged 15 years and over,"$45,600",,,,,,,,,,
,,,,,,,,,,,,,,,,,,,,,,Men +,"$53,600",,,,,,,,,,
,,,,,,,,,,,,,,,,,,,,,,Women +,"$39,600",,,,,,,,,,
,,,,,,,,,,,,,,,,,,,,,,Median household income ofprivate households,"$108,000",,,,,,,,,,
,,,,,,,,,,,,,,,,,,,,,,,Number,,,,,,,,,,
,,,,,,,,,,,,,,,,,,,,,,Population in private households to whom low-income concepts are applicable,"91,530",,,,,,,,,,
,,,,,,,,,,,,,,,,,,,,,,0 to 17 years,"20,255",,,,,,,,,,
,,,,,,,,,,,,,,,,,,,,,,18 to 64 years,"58,760",,,,,,,,,,
,,,,,,,,,,,,,,,,,,,,,,65 years and over,"12,515",,,,,,,,,,
,,,,,,,,,,,,,,,,,,,,,,,Number,,,,,,,,,,
,,,,,,,,,,,,,,,,,,,,,,Employed labour forceaged 15 years and over inprivate households,"32,625",,,,,,,,,,
,,,,,,,,,,,,,,,,,,,,,,"Driver – car, truck or van","25,350",,,,,,,,,,
,,,,,,,,,,,,,,,,,,,,,,"Passenger – car, truck orvan","2,380",,,,,,,,,,
,,,,,,,,,,,,,,,,,,,,,,Public transit,"3,210",,,,,,,,,,
,,,,,,,,,,,,,,,,,,,,,,Walked,680,,,,,,,,,,
,,,,,,,,,,,,,,,,,,,,,,Bicycle,75,,,,,,,,,,
,,,,,,,,,,,,,,,,,,,,,,Other methods,925,,,,,,,,,,
,Per cent,,,,,,,,,,,,,,,,,,,,,,,,Number,,,,,,,,
,100%,,,,,,,,,,,,,,,,,,,,,,,Population in privatehouseholds,"77,660",,,,,,,,
,13%,,,,,,,,,,,,,,,,,,,,,,,0 to 14 years,"10,345",,,,,,,,
,73%,,,,,,,,,,,,,,,,,,,,,,,15 to 64 years,"56,910",,,,,,,,
,12%,,,,,,,,,,,,,,,,,,,,,,,65 to 84 years,"9,345",,,,,,,,
,1%,,,,,,,,,,,,,,,,,,,,,,,85 years and over,"1,055",,,,,,,,
,,,,,,,,,,,,,,,,,,,,,,,,,Number,,,,,,,,
,,,,,,,,,,,,,,,,,,,,,,,,Median income of populationaged 15 years and over,"$46,400",,,,,,,,
,,,,,,,,,,,,,,,,,,,,,,,,Men +,"$52,000",,,,,,,,
,,,,,,,,,,,,,,,,,,,,,,,,Women +,"$42,000",,,,,,,,
,,,,,,,,,,,,,,,,,,,,,,,,Median household income ofprivate households,"$79,500",,,,,,,,
,,,,,,,,,,,,,,,,,,,,,,,,,Number,,,,,,,,
,,,,,,,,,,,,,,,,,,,,,,,,Population in private households to whom low-income concepts are applicable,"77,660",,,,,,,,
,,,,,,,,,,,,,,,,,,,,,,,,0 to 17 years,"11,805",,,,,,,,
,,,,,,,,,,,,,,,,,,,,,,,,18 to 64 years,"55,455",,,,,,,,
,,,,,,,,,,,,,,,,,,,,,,,,65 years and over,"10,405",,,,,,,,
,,,,,,,,,,,,,,,,,,,,,,,,,Number,,,,,,,,
,,,,,,,,,,,,,,,,,,,,,,,,Employed labour forceaged 15 years and over inprivate households,"25,680",,,,,,,,
,,,,,,,,,,,,,,,,,,,,,,,,"Driver – car, truck or van","15,160",,,,,,,,
,,,,,,,,,,,,,,,,,,,,,,,,"Passenger – car, truck orvan","1,150",,,,,,,,
,,,,,,,,,,,,,,,,,,,,,,,,Public transit,"3,915",,,,,,,,
,,,,,,,,,,,,,,,,,,,,,,,,Walked,"4,000",,,,,,,,
,,,,,,,,,,,,,,,,,,,,,,,,Bicycle,685,,,,,,,,
,,,,,,,,,,,,,,,,,,,,,,,,Other methods,770,,,,,,,,
,Per cent,,,,,,,,,,,,,,,,,,,,,,,,,,Number,,,,,,
,100%,,,,,,,,,,,,,,,,,,,,,,,,,Population in privatehouseholds,"88,825",,,,,,
,16%,,,,,,,,,,,,,,,,,,,,,,,,,0 to 14 years,"14,405",,,,,,
,67%,,,,,,,,,,,,,,,,,,,,,,,,,15 to 64 years,"59,075",,,,,,
,15%,,,,,,,,,,,,,,,,,,,,,,,,,65 to 84 years,"13,485",,,,,,
,2%,,,,,,,,,,,,,,,,,,,,,,,,,85 years and over,"1,855",,,,,,
,,,,,,,,,,,,,,,,,,,,,,,,,,,Number,,,,,,
,,,,,,,,,,,,,,,,,,,,,,,,,,Median income of populationaged 15 years and over,"$41,600",,,,,,
,,,,,,,,,,,,,,,,,,,,,,,,,,Men +,"$46,000",,,,,,
,,,,,,,,,,,,,,,,,,,,,,,,,,Women +,"$38,000",,,,,,
,,,,,,,,,,,,,,,,,,,,,,,,,,Median household income ofprivate households,"$88,000",,,,,,
,,,,,,,,,,,,,,,,,,,,,,,,,,,Number,,,,,,
,,,,,,,,,,,,,,,,,,,,,,,,,,Population in private households to whom low-income concepts are applicable,"88,820",,,,,,
,,,,,,,,,,,,,,,,,,,,,,,,,,0 to 17 years,"17,250",,,,,,
,,,,,,,,,,,,,,,,,,,,,,,,,,18 to 64 years,"56,235",,,,,,
,,,,,,,,,,,,,,,,,,,,,,,,,,65 years and over,"15,335",,,,,,
,,,,,,,,,,,,,,,,,,,,,,,,,,,Number,,,,,,
,,,,,,,,,,,,,,,,,,,,,,,,,,Employed labour forceaged 15 years and over inprivate households,"28,465",,,,,,
,,,,,,,,,,,,,,,,,,,,,,,,,,"Driver – car, truck or van","21,405",,,,,,
,,,,,,,,,,,,,,,,,,,,,,,,,,"Passenger – car, truck orvan","1,780",,,,,,
,,,,,,,,,,,,,,,,,,,,,,,,,,Public transit,"3,065",,,,,,
,,,,,,,,,,,,,,,,,,,,,,,,,,Walked,"1,045",,,,,,
,,,,,,,,,,,,,,,,,,,,,,,,,,Bicycle,390,,,,,,
,,,,,,,,,,,,,,,,,,,,,,,,,,Other methods,780,,,,,,
,Per cent,,,,,,,,,,,,,,,,,,,,,,,,,,,,Number,,,,
,100%,,,,,,,,,,,,,,,,,,,,,,,,,,,Population in privatehouseholds,"89,485",,,,
,19%,,,,,,,,,,,,,,,,,,,,,,,,,,,0 to 14 years,"16,685",,,,
,66%,,,,,,,,,,,,,,,,,,,,,,,,,,,15 to 64 years,"59,405",,,,
,14%,,,,,,,,,,,,,,,,,,,,,,,,,,,65 to 84 years,"12,450",,,,
,1%,,,,,,,,,,,,,,,,,,,,,,,,,,,85 years and over,940,,,,
,,,,,,,,,,,,,,,,,,,,,,,,,,,,,Number,,,,
,,,,,,,,,,,,,,,,,,,,,,,,,,,,Median income of populationaged 15 years and over,"$35,600",,,,
,,,,,,,,,,,,,,,,,,,,,,,,,,,,Men +,"$39,200",,,,
,,,,,,,,,,,,,,,,,,,,,,,,,,,,Women +,"$32,800",,,,
,,,,,,,,,,,,,,,,,,,,,,,,,,,,Median household income ofprivate households,"$85,000",,,,
,,,,,,,,,,,,,,,,,,,,,,,,,,,,,Number,,,,
,,,,,,,,,,,,,,,,,,,,,,,,,,,,Population in private households to whom low-income concepts are applicable,"89,490",,,,
,,,,,,,,,,,,,,,,,,,,,,,,,,,,0 to 17 years,"19,960",,,,
,,,,,,,,,,,,,,,,,,,,,,,,,,,,18 to 64 years,"56,130",,,,
,,,,,,,,,,,,,,,,,,,,,,,,,,,,65 years and over,"13,395",,,,
,,,,,,,,,,,,,,,,,,,,,,,,,,,,,Number,,,,
,,,,,,,,,,,,,,,,,,,,,,,,,,,,Employed labour forceaged 15 years and over inprivate households,"33,280",,,,
,,,,,,,,,,,,,,,,,,,,,,,,,,,,"Driver – car, truck or van","25,445",,,,
,,,,,,,,,,,,,,,,,,,,,,,,,,,,"Passenger – car, truck orvan","2,840",,,,
,,,,,,,,,,,,,,,,,,,,,,,,,,,,Public transit,"3,490",,,,
,,,,,,,,,,,,,,,,,,,,,,,,,,,,Walked,645,,,,
,,,,,,,,,,,,,,,,,,,,,,,,,,,,Bicycle,75,,,,
,,,,,,,,,,,,,,,,,,,,,,,,,,,,Other methods,780,,,,
,Per cent,,,,,,,,,,,,,,,,,,,,,,,,,,,,,,Number,,
,100%,,,,,,,,,,,,,,,,,,,,,,,,,,,,,Population in privatehouseholds,"95,800",,
,12%,,,,,,,,,,,,,,,,,,,,,,,,,,,,,0 to 14 years,"11,275",,
,78%,,,,,,,,,,,,,,,,,,,,,,,,,,,,,15 to 64 years,"74,370",,
,10%,,,,,,,,,,,,,,,,,,,,,,,,,,,,,65 to 84 years,"9,210",,
,1%,,,,,,,,,,,,,,,,,,,,,,,,,,,,,85 years and over,935,,
,,,,,,,,,,,,,,,,,,,,,,,,,,,,,,,Number,,
,,,,,,,,,,,,,,,,,,,,,,,,,,,,,,Median income of populationaged 15 years and over,"$50,400",,
,,,,,,,,,,,,,,,,,,,,,,,,,,,,,,Men +,"$56,400",,
,,,,,,,,,,,,,,,,,,,,,,,,,,,,,,Women +,"$46,000",,
,,,,,,,,,,,,,,,,,,,,,,,,,,,,,,Median household income ofprivate households,"$80,000",,
,,,,,,,,,,,,,,,,,,,,,,,,,,,,,,,Number,,
,,,,,,,,,,,,,,,,,,,,,,,,,,,,,,Population in private households to whom low-income concepts are applicable,"95,795",,
,,,,,,,,,,,,,,,,,,,,,,,,,,,,,,0 to 17 years,"13,375",,
,,,,,,,,,,,,,,,,,,,,,,,,,,,,,,18 to 64 years,"72,260",,
,,,,,,,,,,,,,,,,,,,,,,,,,,,,,,65 years and over,"10,155",,
,,,,,,,,,,,,,,,,,,,,,,,,,,,,,,,Number,,
,,,,,,,,,,,,,,,,,,,,,,,,,,,,,,Employed labour forceaged 15 years and over inprivate households,"34,795",,
,,,,,,,,,,,,,,,,,,,,,,,,,,,,,,"Driver – car, truck or van","22,405",,
,,,,,,,,,,,,,,,,,,,,,,,,,,,,,,"Passenger – car, truck orvan","1,555",,
,,,,,,,,,,,,,,,,,,,,,,,,,,,,,,Public transit,"3,895",,
,,,,,,,,,,,,,,,,,,,,,,,,,,,,,,Walked,"4,895",,
,,,,,,,,,,,,,,,,,,,,,,,,,,,,,,Bicycle,885,,
,,,,,,,,,,,,,,,,,,,,,,,,,,,,,,Other methods,"1,165",,
,Per cent,,,,,,,,,,,,,,,,,,,,,,,,,,,,,,,,Number
,100%,,,,,,,,,,,,,,,,,,,,,,,,,,,,,,,Population in privatehouseholds,"87,780"
,18%,,,,,,,,,,,,,,,,,,,,,,,,,,,,,,,0 to 14 years,"15,635"
,67%,,,,,,,,,,,,,,,,,,,,,,,,,,,,,,,15 to 64 years,"58,390"
,14%,,,,,,,,,,,,,,,,,,,,,,,,,,,,,,,65 to 84 years,"12,430"
,2%,,,,,,,,,,,,,,,,,,,,,,,,,,,,,,,85 years and over,"1,325"
,,,,,,,,,,,,,,,,,,,,,,,,,,,,,,,,,Number
,,,,,,,,,,,,,,,,,,,,,,,,,,,,,,,,Median income of populationaged 15 years and over,"$48,400"
,,,,,,,,,,,,,,,,,,,,,,,,,,,,,,,,Men +,"$58,800"
,,,,,,,,,,,,,,,,,,,,,,,,,,,,,,,,Women +,"$41,200"
,,,,,,,,,,,,,,,,,,,,,,,,,,,,,,,,Median household income ofprivate households,"$111,000"
,,,,,,,,,,,,,,,,,,,,,,,,,,,,,,,,,Number
,,,,,,,,,,,,,,,,,,,,,,,,,,,,,,,,Population in private households to whom low-income concepts are applicable,"87,780"
,,,,,,,,,,,,,,,,,,,,,,,,,,,,,,,,0 to 17 years,"19,210"
,,,,,,,,,,,,,,,,,,,,,,,,,,,,,,,,18 to 64 years,"54,810"
,,,,,,,,,,,,,,,,,,,,,,,,,,,,,,,,65 years and over,"13,755"
,,,,,,,,,,,,,,,,,,,,,,,,,,,,,,,,,Number
,,,,,,,,,,,,,,,,,,,,,,,,,,,,,,,,Employed labour forceaged 15 years and over inprivate households,"27,200"
,,,,,,,,,,,,,,,,,,,,,,,,,,,,,,,,"Driver – car, truck or van","21,720"
,,,,,,,,,,,,,,,,,,,,,,,,,,,,,,,,"Passenger – car, truck orvan","1,330"
,,,,,,,,,,,,,,,,,,,,,,,,,,,,,,,,Public transit,"1,905"
,,,,,,,,,,,,,,,,,,,,,,,,,,,,,,,,Walked,920
,,,,,,,,,,,,,,,,,,,,,,,,,,,,,,,,Bicycle,305
,,,,,,,,,,,,,,,,,,,,,,,,,,,,,,,,Other methods,"1,020"
